stock_name,stock_code,trade_date,open,close,high,low,volume,amount,pct_w,pct_chg,amount_chg,exchg
东北证券,000686.SH,2025-12-01 10:30:00,9.13,9.14,9.25,9.1,214558,196777000.0,1.63,-0.65,-0.06,0.92
拓邦股份,002139.SH,2025-12-01 10:30:00,13.05,13.54,13.55,13.0,207555,276531768.0,4.27,5.12,0.66,1.94
北斗星通,002151.SH,2025-12-01 10:30:00,30.82,31.18,31.33,30.82,73007,227715707.0,1.66,1.33,0.41,1.65
楚江新材,002171.SH,2025-12-01 10:30:00,11.73,11.71,11.88,11.66,398947,469805759.0,1.9,1.3,0.15,2.47
仙琚制药,002332.SH,2025-12-01 10:30:00,9.27,9.25,9.28,9.23,56686,52454191.0,0.54,-0.22,-0.02,0.58
万润股份,002643.SH,2025-12-01 10:30:00,14.14,13.96,14.21,13.93,106879,149717767.0,1.97,-1.69,-0.24,1.18
上海新阳,300236.SH,2025-12-01 10:30:00,56.95,56.16,57.34,55.85,34006,191177205.0,2.61,-1.54,-0.88,1.22
先导基电,600641.SH,2025-12-01 10:30:00,16.96,16.6,17.01,16.59,93258,156304551.0,2.48,-2.06,-0.35,1.0
电科数字,600850.SH,2025-12-01 10:30:00,26.16,26.22,26.47,26.09,31073,81693591.0,1.46,0.58,0.15,0.46
电科芯片,600877.SH,2025-12-01 10:30:00,15.55,15.54,15.85,15.28,284132,442548407.0,3.67,0.0,0.0,2.4
东北证券,000686.SH,2025-12-01 11:30:00,9.15,9.16,9.19,9.14,56514,51804383.0,0.55,0.22,0.02,0.24
拓邦股份,002139.SH,2025-12-01 11:30:00,13.54,13.41,13.61,13.39,106318,143306789.0,1.62,-0.96,-0.13,0.99
北斗星通,002151.SH,2025-12-01 11:30:00,31.18,31.31,31.47,31.18,36311,113734660.0,0.93,0.42,0.13,0.82
楚江新材,002171.SH,2025-12-01 11:30:00,11.71,11.65,11.71,11.62,86594,100989171.0,0.77,-0.51,-0.06,0.54
仙琚制药,002332.SH,2025-12-01 11:30:00,9.25,9.26,9.27,9.22,25820,23864600.0,0.54,0.11,0.01,0.26
万润股份,002643.SH,2025-12-01 11:30:00,13.96,13.96,13.99,13.9,40359,56283678.0,0.64,0.0,0.0,0.44
上海新阳,300236.SH,2025-12-01 11:30:00,56.11,55.96,56.2,55.8,15467,86575664.0,0.71,-0.36,-0.2,0.55
先导基电,600641.SH,2025-12-01 11:30:00,16.6,16.7,16.73,16.54,37691,62690300.0,1.14,0.6,0.1,0.41
电科数字,600850.SH,2025-12-01 11:30:00,26.22,26.31,26.44,26.19,12940,34025555.0,0.95,0.34,0.09,0.19
电科芯片,600877.SH,2025-12-01 11:30:00,15.54,15.59,15.74,15.53,84862,132619527.0,1.35,0.32,0.05,0.72
东北证券,000686.SH,2025-12-01 14:00:00,9.15,9.15,9.17,9.12,64604,59026794.0,0.55,-0.11,-0.01,0.28
拓邦股份,002139.SH,2025-12-01 14:00:00,13.41,13.38,13.42,13.34,36972,49434474.0,0.6,-0.22,-0.03,0.35
北斗星通,002151.SH,2025-12-01 14:00:00,31.32,31.24,31.32,31.15,22855,71350093.0,0.54,-0.22,-0.07,0.52
楚江新材,002171.SH,2025-12-01 14:00:00,11.66,11.62,11.67,11.58,77302,89828492.0,0.77,-0.26,-0.03,0.48
仙琚制药,002332.SH,2025-12-01 14:00:00,9.26,9.25,9.27,9.25,10791,9990852.0,0.22,-0.11,-0.01,0.11
万润股份,002643.SH,2025-12-01 14:00:00,13.96,14.08,14.11,13.93,59878,83796897.0,1.29,0.86,0.12,0.66
上海新阳,300236.SH,2025-12-01 14:00:00,56.04,59.22,59.8,55.85,79191,458894285.0,7.06,5.83,3.26,2.84
先导基电,600641.SH,2025-12-01 14:00:00,16.71,16.73,16.8,16.66,31657,52913978.0,0.84,0.18,0.03,0.34
电科数字,600850.SH,2025-12-01 14:00:00,26.33,26.29,26.36,26.2,11113,29173551.0,0.61,-0.08,-0.02,0.16
电科芯片,600877.SH,2025-12-01 14:00:00,15.61,15.41,15.64,15.38,95848,148414310.0,1.67,-1.15,-0.18,0.81
东北证券,000686.SH,2025-12-01 15:00:00,9.15,9.21,9.21,9.15,94067,86381716.0,0.66,0.66,0.06,0.4
拓邦股份,002139.SH,2025-12-01 15:00:00,13.38,13.43,13.44,13.38,54449,73022080.0,0.45,0.37,0.05,0.51
北斗星通,002151.SH,2025-12-01 15:00:00,31.26,31.28,31.31,31.21,27028,84494178.0,0.32,0.13,0.04,0.61
楚江新材,002171.SH,2025-12-01 15:00:00,11.62,11.72,11.72,11.61,114728,133805298.0,0.95,0.86,0.1,0.71
仙琚制药,002332.SH,2025-12-01 15:00:00,9.26,9.3,9.3,9.24,27051,25084395.0,0.65,0.54,0.05,0.27
万润股份,002643.SH,2025-12-01 15:00:00,14.08,14.15,14.15,14.03,48967,69001009.0,0.85,0.5,0.07,0.54
上海新阳,300236.SH,2025-12-01 15:00:00,59.22,58.8,59.38,58.55,36664,216052358.0,1.4,-0.71,-0.42,1.32
先导基电,600641.SH,2025-12-01 15:00:00,16.74,16.8,16.83,16.72,36503,61250094.0,0.66,0.42,0.07,0.39
电科数字,600850.SH,2025-12-01 15:00:00,26.28,26.46,26.61,26.26,34294,90711823.0,1.33,0.65,0.17,0.5
电科芯片,600877.SH,2025-12-01 15:00:00,15.42,15.45,15.5,15.35,122310,188792299.0,0.97,0.26,0.04,1.03
东北证券,000686.SH,2025-12-02 10:30:00,9.16,9.09,9.18,9.06,156970,142872412.0,1.3,-1.3,-0.12,0.67
拓邦股份,002139.SH,2025-12-02 10:30:00,13.38,13.36,13.49,13.32,70465,94440439.0,1.27,-0.52,-0.07,0.66
北斗星通,002151.SH,2025-12-02 10:30:00,31.17,31.09,31.29,30.91,44515,138176462.0,1.21,-0.61,-0.19,1.01
楚江新材,002171.SH,2025-12-02 10:30:00,11.61,11.47,11.62,11.46,221152,254623957.0,1.37,-2.13,-0.25,1.37
仙琚制药,002332.SH,2025-12-02 10:30:00,9.3,9.24,9.3,9.22,37052,34227689.0,0.86,-0.65,-0.06,0.38
万润股份,002643.SH,2025-12-02 10:30:00,14.07,14.21,14.3,14.0,103418,146612863.0,2.12,0.42,0.06,1.14
上海新阳,300236.SH,2025-12-02 10:30:00,57.79,58.93,60.0,57.21,87797,518405899.0,4.74,0.22,0.13,3.15
先导基电,600641.SH,2025-12-02 10:30:00,16.76,16.66,16.76,16.46,53963,89402689.0,1.79,-0.83,-0.14,0.58
电科数字,600850.SH,2025-12-02 10:30:00,26.45,26.23,26.46,26.1,20227,53033745.0,1.36,-0.87,-0.23,0.3
电科芯片,600877.SH,2025-12-02 10:30:00,15.21,15.15,15.31,14.96,203329,306493998.0,2.27,-1.94,-0.3,1.72
东北证券,000686.SH,2025-12-02 11:30:00,9.1,9.09,9.12,9.08,54481,49532112.0,0.44,0.0,0.0,0.23
拓邦股份,002139.SH,2025-12-02 11:30:00,13.35,13.37,13.41,13.34,19805,26471550.0,0.52,0.07,0.01,0.18
北斗星通,002151.SH,2025-12-02 11:30:00,31.08,31.07,31.3,31.04,18734,58378202.0,0.84,-0.06,-0.02,0.42
楚江新材,002171.SH,2025-12-02 11:30:00,11.47,11.54,11.69,11.46,100122,115717967.0,2.01,0.61,0.07,0.62
仙琚制药,002332.SH,2025-12-02 11:30:00,9.24,9.24,9.25,9.22,13134,12129027.0,0.32,0.0,0.0,0.13
万润股份,002643.SH,2025-12-02 11:30:00,14.21,14.11,14.21,14.11,28993,41039691.0,0.7,-0.7,-0.1,0.32
上海新阳,300236.SH,2025-12-02 11:30:00,58.91,58.67,59.06,58.56,14991,88050554.0,0.85,-0.44,-0.26,0.54
先导基电,600641.SH,2025-12-02 11:30:00,16.66,16.53,16.69,16.5,24948,41380331.0,1.14,-0.78,-0.13,0.27
电科数字,600850.SH,2025-12-02 11:30:00,26.24,26.21,26.3,26.19,7239,18990899.0,0.42,-0.08,-0.02,0.11
电科芯片,600877.SH,2025-12-02 11:30:00,15.16,15.27,15.46,15.11,80894,123859989.0,2.31,0.79,0.12,0.68
东北证券,000686.SH,2025-12-02 14:00:00,9.09,9.14,9.16,9.08,71308,65020952.0,0.88,0.55,0.05,0.3
拓邦股份,002139.SH,2025-12-02 14:00:00,13.37,13.41,13.43,13.35,19769,26453970.0,0.6,0.3,0.04,0.18
北斗星通,002151.SH,2025-12-02 14:00:00,31.05,31.19,31.21,31.02,16331,50804571.0,0.61,0.39,0.12,0.37
楚江新材,002171.SH,2025-12-02 14:00:00,11.54,11.54,11.56,11.5,45686,52665498.0,0.52,0.0,0.0,0.28
仙琚制药,002332.SH,2025-12-02 14:00:00,9.23,9.24,9.25,9.23,12604,11641293.0,0.22,0.0,0.0,0.13
万润股份,002643.SH,2025-12-02 14:00:00,14.11,14.16,14.2,14.08,40794,57756925.0,0.85,0.35,0.05,0.45
上海新阳,300236.SH,2025-12-02 14:00:00,58.59,58.67,59.2,58.41,15938,93776132.0,1.35,0.0,0.0,0.57
先导基电,600641.SH,2025-12-02 14:00:00,16.53,16.52,16.57,16.49,17018,28112531.0,0.48,-0.06,-0.01,0.18
电科数字,600850.SH,2025-12-02 14:00:00,26.19,26.16,26.21,26.1,7463,19516237.0,0.42,-0.19,-0.05,0.11
电科芯片,600877.SH,2025-12-02 14:00:00,15.28,15.29,15.38,15.19,48493,74118143.0,1.24,0.13,0.02,0.41
东北证券,000686.SH,2025-12-02 15:00:00,9.14,9.13,9.16,9.11,65495,59817220.0,0.55,-0.11,-0.01,0.28
拓邦股份,002139.SH,2025-12-02 15:00:00,13.41,13.42,13.44,13.39,27284,36600709.0,0.37,0.07,0.01,0.25
北斗星通,002151.SH,2025-12-02 15:00:00,31.18,31.1,31.2,31.06,17151,53375944.0,0.45,-0.29,-0.09,0.39
楚江新材,002171.SH,2025-12-02 15:00:00,11.53,11.53,11.57,11.52,91484,105530753.0,0.43,-0.09,-0.01,0.57
仙琚制药,002332.SH,2025-12-02 15:00:00,9.24,9.2,9.24,9.19,35966,33144041.0,0.54,-0.43,-0.04,0.37
万润股份,002643.SH,2025-12-02 15:00:00,14.16,14.16,14.17,14.12,35548,50283240.0,0.35,0.0,0.0,0.39
上海新阳,300236.SH,2025-12-02 15:00:00,58.68,58.66,58.98,58.64,17909,105205794.0,0.58,-0.02,-0.01,0.64
先导基电,600641.SH,2025-12-02 15:00:00,16.52,16.53,16.54,16.49,20619,34056440.0,0.3,0.06,0.01,0.22
电科数字,600850.SH,2025-12-02 15:00:00,26.16,26.12,26.21,26.1,10292,26899914.0,0.42,-0.15,-0.04,0.15
电科芯片,600877.SH,2025-12-02 15:00:00,15.3,15.25,15.33,15.21,74887,114271108.0,0.78,-0.26,-0.04,0.63
东北证券,000686.SH,2025-12-03 10:30:00,9.14,9.03,9.18,9.02,134932,122579738.0,1.75,-1.1,-0.1,0.58
拓邦股份,002139.SH,2025-12-03 10:30:00,13.45,13.31,13.47,13.31,38946,52052246.0,1.19,-0.82,-0.11,0.36
北斗星通,002151.SH,2025-12-03 10:30:00,30.98,30.43,31.01,30.42,48741,149295254.0,1.9,-2.15,-0.67,1.1
楚江新材,002171.SH,2025-12-03 10:30:00,11.63,11.59,11.74,11.51,225131,261970273.0,1.99,0.52,0.06,1.4
仙琚制药,002332.SH,2025-12-03 10:30:00,9.22,9.15,9.22,9.11,48314,44251366.0,1.2,-0.54,-0.05,0.49
万润股份,002643.SH,2025-12-03 10:30:00,14.12,14.02,14.18,13.97,62487,87758901.0,1.48,-0.99,-0.14,0.69
上海新阳,300236.SH,2025-12-03 10:30:00,58.41,57.8,58.66,57.25,39743,229685230.0,2.4,-1.47,-0.86,1.43
先导基电,600641.SH,2025-12-03 10:30:00,16.51,16.27,16.55,16.22,54998,89873139.0,2.0,-1.57,-0.26,0.59
电科数字,600850.SH,2025-12-03 10:30:00,26.12,25.75,26.18,25.75,20955,54392947.0,1.65,-1.42,-0.37,0.31
电科芯片,600877.SH,2025-12-03 10:30:00,15.16,14.63,15.2,14.52,226493,334767796.0,4.46,-4.07,-0.62,1.91
东北证券,000686.SH,2025-12-03 11:30:00,9.03,9.05,9.07,9.01,61698,55767402.0,0.66,0.22,0.02,0.26
拓邦股份,002139.SH,2025-12-03 11:30:00,13.31,13.32,13.34,13.27,21136,28119519.0,0.53,0.08,0.01,0.2
北斗星通,002151.SH,2025-12-03 11:30:00,30.43,30.84,30.91,30.35,27406,83957776.0,1.84,1.35,0.41,0.62
楚江新材,002171.SH,2025-12-03 11:30:00,11.59,11.91,12.03,11.57,402366,476809436.0,3.97,2.76,0.32,2.49
仙琚制药,002332.SH,2025-12-03 11:30:00,9.14,9.17,9.19,9.13,17317,15869293.0,0.66,0.22,0.02,0.18
万润股份,002643.SH,2025-12-03 11:30:00,14.01,14.18,14.21,14.0,34287,48401678.0,1.5,1.14,0.16,0.38
上海新阳,300236.SH,2025-12-03 11:30:00,57.8,57.45,57.8,57.3,11632,66835602.0,0.87,-0.61,-0.35,0.42
先导基电,600641.SH,2025-12-03 11:30:00,16.27,16.34,16.36,16.23,17028,27722609.0,0.8,0.43,0.07,0.18
电科数字,600850.SH,2025-12-03 11:30:00,25.75,25.81,25.85,25.69,11393,29332076.0,0.62,0.23,0.06,0.17
电科芯片,600877.SH,2025-12-03 11:30:00,14.63,14.86,14.99,14.6,72332,107016405.0,2.67,1.57,0.23,0.61
东北证券,000686.SH,2025-12-03 14:00:00,9.05,9.01,9.06,8.99,67511,60909337.0,0.77,-0.44,-0.04,0.29
拓邦股份,002139.SH,2025-12-03 14:00:00,13.32,13.24,13.32,13.24,22191,29471260.0,0.6,-0.6,-0.08,0.21
北斗星通,002151.SH,2025-12-03 14:00:00,30.76,30.58,31.12,30.49,28307,87158987.0,2.04,-0.84,-0.26,0.64
楚江新材,002171.SH,2025-12-03 14:00:00,11.92,11.82,11.93,11.8,154636,183409904.0,1.09,-0.76,-0.09,0.96
仙琚制药,002332.SH,2025-12-03 14:00:00,9.17,9.16,9.19,9.14,12705,11644703.0,0.55,-0.11,-0.01,0.13
万润股份,002643.SH,2025-12-03 14:00:00,14.18,14.08,14.18,14.05,29398,41502358.0,0.92,-0.71,-0.1,0.32
上海新阳,300236.SH,2025-12-03 14:00:00,57.46,57.7,58.03,57.27,20133,116258689.0,1.32,0.44,0.25,0.72
先导基电,600641.SH,2025-12-03 14:00:00,16.34,16.21,16.35,16.2,22310,36269053.0,0.92,-0.8,-0.13,0.24
电科数字,600850.SH,2025-12-03 14:00:00,25.8,25.62,25.82,25.6,8211,21117086.0,0.85,-0.74,-0.19,0.12
电科芯片,600877.SH,2025-12-03 14:00:00,14.86,14.76,15.09,14.66,59988,89137676.0,2.89,-0.67,-0.1,0.51
东北证券,000686.SH,2025-12-03 15:00:00,9.01,9.0,9.01,8.96,106639,95813246.0,0.55,-0.11,-0.01,0.46
拓邦股份,002139.SH,2025-12-03 15:00:00,13.24,13.3,13.31,13.23,26756,35534504.0,0.6,0.45,0.06,0.25
北斗星通,002151.SH,2025-12-03 15:00:00,30.56,30.55,30.67,30.47,22205,67851808.0,0.65,-0.1,-0.03,0.5
楚江新材,002171.SH,2025-12-03 15:00:00,11.81,11.77,11.82,11.69,194938,229003890.0,1.1,-0.42,-0.05,1.21
仙琚制药,002332.SH,2025-12-03 15:00:00,9.15,9.18,9.18,9.12,23093,21119416.0,0.66,0.22,0.02,0.23
万润股份,002643.SH,2025-12-03 15:00:00,14.07,14.09,14.11,14.03,41544,58453682.0,0.57,0.07,0.01,0.46
上海新阳,300236.SH,2025-12-03 15:00:00,57.65,58.3,58.58,57.64,21901,127482958.0,1.63,1.04,0.6,0.79
先导基电,600641.SH,2025-12-03 15:00:00,16.21,16.17,16.22,16.16,34281,55489674.0,0.37,-0.25,-0.04,0.37
电科数字,600850.SH,2025-12-03 15:00:00,25.62,25.66,25.71,25.52,13053,33447726.0,0.74,0.16,0.04,0.19
电科芯片,600877.SH,2025-12-03 15:00:00,14.76,14.81,14.85,14.71,60592,89531563.0,0.95,0.34,0.05,0.51
东北证券,000686.SH,2025-12-04 10:30:00,8.95,8.97,9.03,8.91,137829,123483290.0,1.33,-0.33,-0.03,0.59
拓邦股份,002139.SH,2025-12-04 10:30:00,13.42,13.4,13.49,13.27,56830,75918104.0,1.65,0.75,0.1,0.53
北斗星通,002151.SH,2025-12-04 10:30:00,30.34,30.69,30.98,30.32,54478,167433506.0,2.16,0.46,0.14,1.23
楚江新材,002171.SH,2025-12-04 10:30:00,11.77,11.55,11.82,11.5,251288,291972876.0,2.72,-1.87,-0.22,1.56
仙琚制药,002332.SH,2025-12-04 10:30:00,9.18,9.15,9.21,9.13,25068,22959910.0,0.87,-0.33,-0.03,0.25
万润股份,002643.SH,2025-12-04 10:30:00,14.05,14.03,14.16,13.93,56169,78901795.0,1.63,-0.43,-0.06,0.62
上海新阳,300236.SH,2025-12-04 10:30:00,57.53,56.75,58.01,56.32,36863,209932535.0,2.9,-2.66,-1.55,1.32
先导基电,600641.SH,2025-12-04 10:30:00,16.26,16.01,16.28,15.8,62221,99601596.0,2.97,-0.99,-0.16,0.67
电科数字,600850.SH,2025-12-04 10:30:00,25.7,25.5,25.76,25.4,14235,36366837.0,1.4,-0.62,-0.16,0.21
电科芯片,600877.SH,2025-12-04 10:30:00,14.62,14.73,14.93,14.57,113169,166774029.0,2.43,-0.54,-0.08,0.96
东北证券,000686.SH,2025-12-04 11:30:00,8.98,8.99,9.02,8.96,62503,56172552.0,0.67,0.22,0.02,0.27
拓邦股份,002139.SH,2025-12-04 11:30:00,13.4,13.39,13.46,13.37,29623,39718502.0,0.67,-0.07,-0.01,0.28
北斗星通,002151.SH,2025-12-04 11:30:00,30.69,30.61,30.94,30.6,18787,57808343.0,1.11,-0.26,-0.08,0.42
楚江新材,002171.SH,2025-12-04 11:30:00,11.56,11.55,11.65,11.52,92651,107204513.0,1.13,0.0,0.0,0.57
仙琚制药,002332.SH,2025-12-04 11:30:00,9.15,9.2,9.22,9.15,17091,15715343.0,0.77,0.55,0.05,0.17
万润股份,002643.SH,2025-12-04 11:30:00,14.02,14.06,14.11,14.02,22205,31236244.0,0.64,0.21,0.03,0.24
上海新阳,300236.SH,2025-12-04 11:30:00,56.74,57.84,58.2,56.71,15855,91198802.0,2.63,1.92,1.09,0.57
先导基电,600641.SH,2025-12-04 11:30:00,16.01,16.44,16.48,16.01,36134,58697704.0,2.94,2.69,0.43,0.39
电科数字,600850.SH,2025-12-04 11:30:00,25.47,25.61,25.65,25.46,6581,16817330.0,0.75,0.43,0.11,0.1
电科芯片,600877.SH,2025-12-04 11:30:00,14.73,14.83,15.32,14.67,149416,223902721.0,4.41,0.68,0.1,1.26
东北证券,000686.SH,2025-12-04 14:00:00,8.98,8.97,8.99,8.93,41665,37335048.0,0.67,-0.22,-0.02,0.18
拓邦股份,002139.SH,2025-12-04 14:00:00,13.4,13.33,13.4,13.33,11935,15942344.0,0.52,-0.45,-0.06,0.11
北斗星通,002151.SH,2025-12-04 14:00:00,30.62,30.95,31.15,30.57,43102,133467381.0,1.89,1.11,0.34,0.97
楚江新材,002171.SH,2025-12-04 14:00:00,11.57,11.52,11.6,11.5,81073,93467414.0,0.87,-0.26,-0.03,0.5
仙琚制药,002332.SH,2025-12-04 14:00:00,9.2,9.18,9.21,9.16,9640,8852246.0,0.54,-0.22,-0.02,0.1
万润股份,002643.SH,2025-12-04 14:00:00,14.05,13.97,14.07,13.96,20650,28903511.0,0.78,-0.64,-0.09,0.23
上海新阳,300236.SH,2025-12-04 14:00:00,57.9,57.75,58.69,57.59,11609,67492373.0,1.9,-0.16,-0.09,0.42
先导基电,600641.SH,2025-12-04 14:00:00,16.44,16.3,16.47,16.26,27515,45024875.0,1.28,-0.85,-0.14,0.3
电科数字,600850.SH,2025-12-04 14:00:00,25.62,25.71,25.8,25.61,6073,15605298.0,0.74,0.39,0.1,0.09
电科芯片,600877.SH,2025-12-04 14:00:00,14.84,14.91,15.09,14.83,63237,94586636.0,1.75,0.54,0.08,0.53
东北证券,000686.SH,2025-12-04 15:00:00,8.98,8.95,8.99,8.94,66526,59610240.0,0.56,-0.22,-0.02,0.28
拓邦股份,002139.SH,2025-12-04 15:00:00,13.33,13.33,13.37,13.31,26124,34835904.0,0.45,0.0,0.0,0.24
北斗星通,002151.SH,2025-12-04 15:00:00,30.95,31.05,31.06,30.9,26300,81492853.0,0.52,0.32,0.1,0.59
楚江新材,002171.SH,2025-12-04 15:00:00,11.51,11.54,11.56,11.51,81986,94495107.0,0.43,0.17,0.02,0.51
仙琚制药,002332.SH,2025-12-04 15:00:00,9.17,9.19,9.19,9.17,12486,11464370.0,0.22,0.11,0.01,0.13
万润股份,002643.SH,2025-12-04 15:00:00,13.97,13.99,14.02,13.95,29885,41797709.0,0.5,0.14,0.02,0.33
上海新阳,300236.SH,2025-12-04 15:00:00,57.75,57.81,58.05,57.66,13962,80770141.0,0.68,0.1,0.06,0.5
先导基电,600641.SH,2025-12-04 15:00:00,16.3,16.31,16.37,16.23,22675,36956911.0,0.86,0.06,0.01,0.24
电科数字,600850.SH,2025-12-04 15:00:00,25.71,25.7,25.77,25.6,7752,19920250.0,0.66,-0.04,-0.01,0.11
电科芯片,600877.SH,2025-12-04 15:00:00,14.91,14.84,14.92,14.8,66390,98576352.0,0.8,-0.47,-0.07,0.56
东北证券,000686.SH,2025-12-05 10:30:00,8.95,8.95,9.06,8.93,118508,106498457.0,1.45,0.0,0.0,0.51
拓邦股份,002139.SH,2025-12-05 10:30:00,13.31,13.28,13.33,13.18,43304,57368719.0,1.13,-0.38,-0.05,0.4
北斗星通,002151.SH,2025-12-05 10:30:00,30.85,31.04,31.28,30.73,61957,192575513.0,1.77,-0.03,-0.01,1.4
楚江新材,002171.SH,2025-12-05 10:30:00,11.58,11.76,11.88,11.48,272717,319655725.0,3.47,1.91,0.22,1.69
仙琚制药,002332.SH,2025-12-05 10:30:00,9.2,9.15,9.2,9.11,30103,27487010.0,0.98,-0.44,-0.04,0.31
万润股份,002643.SH,2025-12-05 10:30:00,13.96,13.98,14.08,13.86,49445,69092519.0,1.57,-0.07,-0.01,0.54
上海新阳,300236.SH,2025-12-05 10:30:00,57.88,57.25,58.1,56.8,18381,104876506.0,2.25,-0.97,-0.56,0.66
先导基电,600641.SH,2025-12-05 10:30:00,16.26,16.22,16.33,16.08,33665,54497229.0,1.53,-0.55,-0.09,0.36
电科数字,600850.SH,2025-12-05 10:30:00,25.78,25.71,25.78,25.25,17147,43753648.0,2.06,0.04,0.01,0.25
电科芯片,600877.SH,2025-12-05 10:30:00,14.71,15.01,15.25,14.45,226133,336871146.0,5.39,1.15,0.17,1.91
东北证券,000686.SH,2025-12-05 11:30:00,8.95,8.97,8.99,8.93,64898,58125379.0,0.67,0.22,0.02,0.28
拓邦股份,002139.SH,2025-12-05 11:30:00,13.29,13.33,13.37,13.28,24143,32163645.0,0.68,0.38,0.05,0.23
北斗星通,002151.SH,2025-12-05 11:30:00,31.04,31.14,31.28,31.04,19169,59691403.0,0.77,0.32,0.1,0.43
楚江新材,002171.SH,2025-12-05 11:30:00,11.76,11.85,11.95,11.75,180420,214203928.0,1.7,0.77,0.09,1.12
仙琚制药,002332.SH,2025-12-05 11:30:00,9.15,9.16,9.17,9.14,8079,7396197.0,0.33,0.11,0.01,0.08
万润股份,002643.SH,2025-12-05 11:30:00,13.99,14.05,14.1,13.98,25839,36243111.0,0.86,0.5,0.07,0.28
上海新阳,300236.SH,2025-12-05 11:30:00,57.25,57.4,57.59,57.06,7194,41230542.0,0.93,0.26,0.15,0.26
先导基电,600641.SH,2025-12-05 11:30:00,16.22,16.29,16.39,16.2,19587,31965404.0,1.17,0.43,0.07,0.21
电科数字,600850.SH,2025-12-05 11:30:00,25.7,25.59,25.73,25.59,7670,19677397.0,0.54,-0.47,-0.12,0.11
电科芯片,600877.SH,2025-12-05 11:30:00,15.02,15.0,15.18,15.0,53285,80372937.0,1.2,-0.07,-0.01,0.45
东北证券,000686.SH,2025-12-05 14:00:00,8.97,9.34,9.36,8.94,440625,405756591.0,4.68,4.12,0.37,1.88
拓邦股份,002139.SH,2025-12-05 14:00:00,13.32,13.42,13.42,13.26,37337,49734902.0,1.2,0.68,0.09,0.35
北斗星通,002151.SH,2025-12-05 14:00:00,31.15,31.21,31.24,31.06,25856,80588427.0,0.58,0.22,0.07,0.58
楚江新材,002171.SH,2025-12-05 14:00:00,11.85,12.01,12.06,11.85,268129,320992260.0,1.77,1.35,0.16,1.66
仙琚制药,002332.SH,2025-12-05 14:00:00,9.17,9.23,9.23,9.14,23760,21804040.0,0.98,0.76,0.07,0.24
万润股份,002643.SH,2025-12-05 14:00:00,14.05,14.11,14.11,14.0,24081,33853626.0,0.78,0.43,0.06,0.26
上海新阳,300236.SH,2025-12-05 14:00:00,57.4,57.06,57.4,56.43,22054,125092018.0,1.69,-0.59,-0.34,0.79
先导基电,600641.SH,2025-12-05 14:00:00,16.29,16.47,16.47,16.22,28546,46694302.0,1.53,1.1,0.18,0.31
电科数字,600850.SH,2025-12-05 14:00:00,25.6,25.65,25.67,25.46,23542,60104437.0,0.82,0.23,0.06,0.35
电科芯片,600877.SH,2025-12-05 14:00:00,15.01,15.23,15.24,14.99,59693,90205885.0,1.67,1.53,0.23,0.5
东北证券,000686.SH,2025-12-05 15:00:00,9.34,9.23,9.35,9.23,249481,231068423.0,1.28,-1.18,-0.11,1.07
拓邦股份,002139.SH,2025-12-05 15:00:00,13.41,13.39,13.43,13.37,30985,41507904.0,0.45,-0.22,-0.03,0.29
北斗星通,002151.SH,2025-12-05 15:00:00,31.2,31.4,31.49,31.16,66646,209031767.0,1.06,0.61,0.19,1.51
楚江新材,002171.SH,2025-12-05 15:00:00,12.01,12.02,12.07,11.97,216716,260404698.0,0.83,0.08,0.01,1.34
仙琚制药,002332.SH,2025-12-05 15:00:00,9.23,9.22,9.23,9.21,21122,19479361.0,0.22,-0.11,-0.01,0.21
万润股份,002643.SH,2025-12-05 15:00:00,14.1,14.12,14.14,14.07,47712,67322265.0,0.5,0.07,0.01,0.52
上海新阳,300236.SH,2025-12-05 15:00:00,57.1,56.61,57.18,56.5,20392,115772524.0,1.19,-0.79,-0.45,0.73
先导基电,600641.SH,2025-12-05 15:00:00,16.47,16.48,16.52,16.41,39279,64674430.0,0.67,0.06,0.01,0.42
电科数字,600850.SH,2025-12-05 15:00:00,25.66,25.71,25.81,25.58,21939,56403460.0,0.9,0.23,0.06,0.32
电科芯片,600877.SH,2025-12-05 15:00:00,15.23,15.3,15.36,15.21,139375,213316891.0,0.98,0.46,0.07,1.18
东北证券,000686.SH,2025-12-08 10:30:00,9.36,9.78,10.09,9.32,1025384,1001355468.0,8.34,5.96,0.55,4.38
拓邦股份,002139.SH,2025-12-08 10:30:00,13.44,13.4,13.49,13.37,58707,78756395.0,0.9,0.07,0.01,0.55
北斗星通,002151.SH,2025-12-08 10:30:00,31.5,31.98,32.36,31.41,155225,496034165.0,3.03,1.85,0.58,3.51
楚江新材,002171.SH,2025-12-08 10:30:00,12.18,12.19,12.32,12.1,472843,577714895.0,1.83,1.41,0.17,2.93
仙琚制药,002332.SH,2025-12-08 10:30:00,9.22,9.19,9.27,9.19,46823,43220051.0,0.87,-0.33,-0.03,0.48
万润股份,002643.SH,2025-12-08 10:30:00,14.19,14.29,14.34,14.11,74129,105446691.0,1.63,1.2,0.17,0.82
上海新阳,300236.SH,2025-12-08 10:30:00,56.9,59.33,59.46,56.71,63152,367051765.0,4.86,4.8,2.72,2.27
先导基电,600641.SH,2025-12-08 10:30:00,16.6,16.64,16.72,16.44,58205,96434667.0,1.7,0.97,0.16,0.63
电科数字,600850.SH,2025-12-08 10:30:00,25.75,26.2,26.33,25.75,34424,89975456.0,2.26,1.91,0.49,0.51
电科芯片,600877.SH,2025-12-08 10:30:00,15.31,15.65,15.8,15.3,241633,376287212.0,3.27,2.29,0.35,2.04
东北证券,000686.SH,2025-12-08 11:30:00,9.77,9.71,9.82,9.69,136671,133357034.0,1.33,-0.72,-0.07,0.58
拓邦股份,002139.SH,2025-12-08 11:30:00,13.4,13.4,13.44,13.39,23462,31469377.0,0.37,0.0,0.0,0.22
北斗星通,002151.SH,2025-12-08 11:30:00,31.98,31.85,32.05,31.72,34666,110471112.0,1.03,-0.41,-0.13,0.78
楚江新材,002171.SH,2025-12-08 11:30:00,12.18,12.2,12.25,12.16,120496,146887030.0,0.74,0.08,0.01,0.75
仙琚制药,002332.SH,2025-12-08 11:30:00,9.2,9.2,9.22,9.19,13398,12332274.0,0.33,0.11,0.01,0.14
万润股份,002643.SH,2025-12-08 11:30:00,14.29,14.29,14.32,14.25,25524,36458786.0,0.49,0.0,0.0,0.28
上海新阳,300236.SH,2025-12-08 11:30:00,59.36,58.81,59.79,58.81,26460,156762462.0,1.65,-0.88,-0.52,0.95
先导基电,600641.SH,2025-12-08 11:30:00,16.64,16.67,16.71,16.6,21155,35239772.0,0.66,0.18,0.03,0.23
电科数字,600850.SH,2025-12-08 11:30:00,26.2,26.21,26.42,26.15,17686,46500540.0,1.03,0.04,0.01,0.26
电科芯片,600877.SH,2025-12-08 11:30:00,15.64,15.57,15.7,15.52,68240,106458107.0,1.15,-0.51,-0.08,0.58
东北证券,000686.SH,2025-12-08 14:00:00,9.71,9.69,9.77,9.69,111116,108033049.0,0.82,-0.21,-0.02,0.47
拓邦股份,002139.SH,2025-12-08 14:00:00,13.4,13.45,13.48,13.39,39452,53017217.0,0.67,0.37,0.05,0.37
北斗星通,002151.SH,2025-12-08 14:00:00,31.88,31.57,31.92,31.53,35516,112751176.0,1.22,-0.88,-0.28,0.8
楚江新材,002171.SH,2025-12-08 14:00:00,12.2,12.1,12.21,12.1,141372,171900374.0,0.9,-0.82,-0.1,0.88
仙琚制药,002332.SH,2025-12-08 14:00:00,9.2,9.2,9.21,9.19,14316,13167696.0,0.22,0.0,0.0,0.15
万润股份,002643.SH,2025-12-08 14:00:00,14.3,14.29,14.42,14.28,51468,73852019.0,0.98,0.0,0.0,0.57
上海新阳,300236.SH,2025-12-08 14:00:00,58.82,58.9,59.3,58.76,16481,97300721.0,0.92,0.15,0.09,0.59
先导基电,600641.SH,2025-12-08 14:00:00,16.66,16.75,16.88,16.63,59138,99303389.0,1.5,0.48,0.08,0.64
电科数字,600850.SH,2025-12-08 14:00:00,26.22,26.29,26.45,26.22,14892,39178168.0,0.88,0.31,0.08,0.22
电科芯片,600877.SH,2025-12-08 14:00:00,15.56,15.36,15.58,15.36,107137,165671541.0,1.41,-1.35,-0.21,0.9
东北证券,000686.SH,2025-12-08 15:00:00,9.69,9.61,9.71,9.58,270803,260619028.0,1.34,-0.83,-0.08,1.16
拓邦股份,002139.SH,2025-12-08 15:00:00,13.44,13.43,13.45,13.42,29839,40103537.0,0.22,-0.15,-0.02,0.28
北斗星通,002151.SH,2025-12-08 15:00:00,31.58,31.57,31.69,31.52,54069,170828415.0,0.54,0.0,0.0,1.22
楚江新材,002171.SH,2025-12-08 15:00:00,12.11,12.09,12.14,12.05,188682,228202441.0,0.74,-0.08,-0.01,1.17
仙琚制药,002332.SH,2025-12-08 15:00:00,9.2,9.21,9.21,9.19,16285,14979724.0,0.22,0.11,0.01,0.17
万润股份,002643.SH,2025-12-08 15:00:00,14.3,14.25,14.32,14.23,52175,74441229.0,0.63,-0.28,-0.04,0.57
上海新阳,300236.SH,2025-12-08 15:00:00,58.88,58.85,58.9,58.62,17048,100282761.0,0.48,-0.08,-0.05,0.61
先导基电,600641.SH,2025-12-08 15:00:00,16.74,16.74,16.9,16.7,62323,104509411.0,1.19,-0.06,-0.01,0.67
电科数字,600850.SH,2025-12-08 15:00:00,26.29,26.19,26.29,26.14,17257,45231501.0,0.57,-0.38,-0.1,0.25
电科芯片,600877.SH,2025-12-08 15:00:00,15.36,15.44,15.45,15.36,100153,154211356.0,0.59,0.52,0.08,0.85
东北证券,000686.SH,2025-12-09 10:30:00,9.5,9.46,9.6,9.39,375047,354524620.0,2.19,-1.56,-0.15,1.6
拓邦股份,002139.SH,2025-12-09 10:30:00,13.43,13.56,13.59,13.38,82535,111533083.0,1.56,0.97,0.13,0.77
北斗星通,002151.SH,2025-12-09 10:30:00,31.37,31.42,32.13,31.29,100498,319093223.0,2.66,-0.48,-0.15,2.27
楚江新材,002171.SH,2025-12-09 10:30:00,12.0,11.82,12.04,11.82,327065,389934323.0,1.82,-2.23,-0.27,2.03
仙琚制药,002332.SH,2025-12-09 10:30:00,9.19,9.32,9.5,9.16,118288,110517859.0,3.69,1.19,0.11,1.2
万润股份,002643.SH,2025-12-09 10:30:00,14.21,14.25,14.3,14.18,60508,86175644.0,0.84,0.0,0.0,0.67
上海新阳,300236.SH,2025-12-09 10:30:00,60.0,59.03,60.88,58.9,61856,368223196.0,3.36,0.31,0.18,2.22
先导基电,600641.SH,2025-12-09 10:30:00,16.67,16.47,16.67,16.42,69687,115134266.0,1.49,-1.61,-0.27,0.75
电科数字,600850.SH,2025-12-09 10:30:00,26.16,25.98,26.29,25.96,34494,90216058.0,1.26,-0.8,-0.21,0.51
电科芯片,600877.SH,2025-12-09 10:30:00,15.2,15.33,15.58,15.17,149589,231171270.0,2.66,-0.71,-0.11,1.26
东北证券,000686.SH,2025-12-09 11:30:00,9.47,9.45,9.48,9.4,70394,66447329.0,0.85,-0.11,-0.01,0.3
拓邦股份,002139.SH,2025-12-09 11:30:00,13.56,13.6,13.6,13.52,35453,48085566.0,0.59,0.29,0.04,0.33
北斗星通,002151.SH,2025-12-09 11:30:00,31.42,31.8,31.86,31.35,30057,94812090.0,1.62,1.21,0.38,0.68
楚江新材,002171.SH,2025-12-09 11:30:00,11.82,11.85,11.86,11.76,174268,205909102.0,0.85,0.25,0.03,1.08
仙琚制药,002332.SH,2025-12-09 11:30:00,9.31,9.56,9.62,9.31,66098,62515039.0,3.33,2.58,0.24,0.67
万润股份,002643.SH,2025-12-09 11:30:00,14.25,14.19,14.31,14.19,25310,36038357.0,0.84,-0.42,-0.06,0.28
上海新阳,300236.SH,2025-12-09 11:30:00,59.1,58.63,59.19,58.48,15932,93597010.0,1.2,-0.68,-0.4,0.57
先导基电,600641.SH,2025-12-09 11:30:00,16.47,16.57,16.66,16.44,29504,48757924.0,1.34,0.61,0.1,0.32
电科数字,600850.SH,2025-12-09 11:30:00,25.98,25.92,26.08,25.86,13848,35919347.0,0.85,-0.23,-0.06,0.2
电科芯片,600877.SH,2025-12-09 11:30:00,15.35,15.4,15.46,15.31,47175,72491437.0,0.98,0.46,0.07,0.4
东北证券,000686.SH,2025-12-09 14:00:00,9.45,9.38,9.45,9.36,77599,72951589.0,0.95,-0.74,-0.07,0.33
拓邦股份,002139.SH,2025-12-09 14:00:00,13.6,13.56,13.6,13.53,35464,48091217.0,0.51,-0.29,-0.04,0.33
北斗星通,002151.SH,2025-12-09 14:00:00,31.79,31.78,31.96,31.64,32350,102969083.0,1.01,-0.06,-0.02,0.73
楚江新材,002171.SH,2025-12-09 14:00:00,11.86,11.76,11.86,11.76,82424,97348878.0,0.84,-0.76,-0.09,0.51
仙琚制药,002332.SH,2025-12-09 14:00:00,9.59,9.55,9.69,9.51,129326,123863683.0,1.88,-0.1,-0.01,1.31
万润股份,002643.SH,2025-12-09 14:00:00,14.19,14.15,14.2,14.14,25526,36159339.0,0.42,-0.28,-0.04,0.28
上海新阳,300236.SH,2025-12-09 14:00:00,58.62,58.6,59.02,58.49,12742,74781270.0,0.9,-0.05,-0.03,0.46
先导基电,600641.SH,2025-12-09 14:00:00,16.58,16.43,16.58,16.42,25184,41478263.0,0.97,-0.84,-0.14,0.27
电科数字,600850.SH,2025-12-09 14:00:00,25.9,25.72,25.92,25.65,20108,51794838.0,1.04,-0.77,-0.2,0.3
电科芯片,600877.SH,2025-12-09 14:00:00,15.38,15.6,15.75,15.38,120209,187596949.0,2.4,1.3,0.2,1.02
东北证券,000686.SH,2025-12-09 15:00:00,9.39,9.38,9.4,9.36,118113,110755646.0,0.43,0.0,0.0,0.5
拓邦股份,002139.SH,2025-12-09 15:00:00,13.56,13.59,13.6,13.55,54182,73572265.0,0.37,0.22,0.03,0.51
北斗星通,002151.SH,2025-12-09 15:00:00,31.77,31.75,31.8,31.66,29096,92359959.0,0.44,-0.09,-0.03,0.66
楚江新材,002171.SH,2025-12-09 15:00:00,11.77,11.84,11.84,11.73,117577,138653332.0,0.94,0.68,0.08,0.73
仙琚制药,002332.SH,2025-12-09 15:00:00,9.55,9.54,9.56,9.51,49910,47586966.0,0.52,-0.1,-0.01,0.51
万润股份,002643.SH,2025-12-09 15:00:00,14.15,14.12,14.16,14.07,41207,58186954.0,0.64,-0.21,-0.03,0.45
上海新阳,300236.SH,2025-12-09 15:00:00,58.62,58.61,58.93,58.45,12656,74243372.0,0.82,0.02,0.01,0.45
先导基电,600641.SH,2025-12-09 15:00:00,16.44,16.48,16.56,16.38,38797,63836963.0,1.1,0.3,0.05,0.42
电科数字,600850.SH,2025-12-09 15:00:00,25.72,25.73,25.86,25.68,13945,35915877.0,0.7,0.04,0.01,0.21
电科芯片,600877.SH,2025-12-09 15:00:00,15.6,15.57,15.61,15.52,65538,102050330.0,0.58,-0.19,-0.03,0.55
东北证券,000686.SH,2025-12-10 10:30:00,9.33,9.27,9.36,9.23,177083,164493220.0,1.39,-1.17,-0.11,0.76
拓邦股份,002139.SH,2025-12-10 10:30:00,13.59,13.54,13.59,13.43,52377,70688995.0,1.18,-0.37,-0.05,0.49
北斗星通,002151.SH,2025-12-10 10:30:00,31.6,31.75,32.08,31.34,56988,180203766.0,2.33,0.0,0.0,1.29
楚江新材,002171.SH,2025-12-10 10:30:00,11.86,11.77,11.95,11.73,197276,233496620.0,1.86,-0.59,-0.07,1.22
仙琚制药,002332.SH,2025-12-10 10:30:00,9.46,9.43,9.47,9.3,135942,127814706.0,1.78,-1.15,-0.11,1.38
万润股份,002643.SH,2025-12-10 10:30:00,14.12,14.08,14.17,13.99,50239,70703690.0,1.27,-0.28,-0.04,0.55
上海新阳,300236.SH,2025-12-10 10:30:00,58.22,58.74,59.44,57.81,36655,214292682.0,2.78,0.22,0.13,1.32
先导基电,600641.SH,2025-12-10 10:30:00,16.39,16.51,16.75,16.35,75092,124332345.0,2.43,0.18,0.03,0.81
电科数字,600850.SH,2025-12-10 10:30:00,25.97,25.83,26.13,25.55,25841,66673544.0,2.25,0.39,0.1,0.38
电科芯片,600877.SH,2025-12-10 10:30:00,15.44,15.42,15.64,15.29,108376,167153849.0,2.25,-0.96,-0.15,0.92
东北证券,000686.SH,2025-12-10 11:30:00,9.27,9.25,9.3,9.23,87294,80850199.0,0.76,-0.22,-0.02,0.37
拓邦股份,002139.SH,2025-12-10 11:30:00,13.54,13.53,13.56,13.5,22606,30594335.0,0.44,-0.07,-0.01,0.21
北斗星通,002151.SH,2025-12-10 11:30:00,31.76,31.88,32.44,31.75,71111,228190332.0,2.17,0.41,0.13,1.61
楚江新材,002171.SH,2025-12-10 11:30:00,11.77,11.78,11.84,11.75,67720,79847148.0,0.76,0.08,0.01,0.42
仙琚制药,002332.SH,2025-12-10 11:30:00,9.43,9.41,9.44,9.38,25186,23687178.0,0.64,-0.21,-0.02,0.26
万润股份,002643.SH,2025-12-10 11:30:00,14.08,14.09,14.2,14.06,32939,46505651.0,0.99,0.07,0.01,0.36
上海新阳,300236.SH,2025-12-10 11:30:00,58.75,58.37,59.06,58.28,10558,61993795.0,1.33,-0.63,-0.37,0.38
先导基电,600641.SH,2025-12-10 11:30:00,16.51,16.38,16.6,16.37,29045,47890367.0,1.39,-0.79,-0.13,0.31
电科数字,600850.SH,2025-12-10 11:30:00,25.82,25.75,25.98,25.73,7251,18723658.0,0.97,-0.31,-0.08,0.11
电科芯片,600877.SH,2025-12-10 11:30:00,15.42,15.59,15.65,15.41,67114,104376315.0,1.56,1.1,0.17,0.57
东北证券,000686.SH,2025-12-10 14:00:00,9.24,9.3,9.38,9.22,134865,125496423.0,1.73,0.54,0.05,0.58
拓邦股份,002139.SH,2025-12-10 14:00:00,13.53,13.53,13.55,13.47,24944,33704820.0,0.59,0.0,0.0,0.23
北斗星通,002151.SH,2025-12-10 14:00:00,31.89,31.87,31.94,31.7,21617,68740222.0,0.75,-0.03,-0.01,0.49
楚江新材,002171.SH,2025-12-10 14:00:00,11.78,11.77,11.8,11.71,68656,80625572.0,0.76,-0.08,-0.01,0.43
仙琚制药,002332.SH,2025-12-10 14:00:00,9.41,9.49,9.55,9.36,59631,56436046.0,2.02,0.85,0.08,0.61
万润股份,002643.SH,2025-12-10 14:00:00,14.09,14.11,14.14,14.05,17628,24827749.0,0.64,0.14,0.02,0.19
上海新阳,300236.SH,2025-12-10 14:00:00,58.4,58.35,58.59,58.22,9031,52694901.0,0.63,-0.03,-0.02,0.32
先导基电,600641.SH,2025-12-10 14:00:00,16.38,16.5,16.58,16.35,28616,47037230.0,1.4,0.73,0.12,0.31
电科数字,600850.SH,2025-12-10 14:00:00,25.77,26.27,26.8,25.74,59150,156152198.0,4.12,2.02,0.52,0.87
电科芯片,600877.SH,2025-12-10 14:00:00,15.58,15.44,15.59,15.37,34847,53817675.0,1.41,-0.96,-0.15,0.29
东北证券,000686.SH,2025-12-10 15:00:00,9.3,9.34,9.36,9.29,104352,97504455.0,0.75,0.43,0.04,0.45
拓邦股份,002139.SH,2025-12-10 15:00:00,13.53,13.61,13.63,13.53,41953,57045403.0,0.74,0.59,0.08,0.39
北斗星通,002151.SH,2025-12-10 15:00:00,31.87,31.98,32.05,31.85,31997,102354687.0,0.63,0.35,0.11,0.72
楚江新材,002171.SH,2025-12-10 15:00:00,11.77,11.87,11.91,11.76,173950,206205991.0,1.27,0.85,0.1,1.08
仙琚制药,002332.SH,2025-12-10 15:00:00,9.49,9.52,9.53,9.49,39847,37923778.0,0.42,0.32,0.03,0.4
万润股份,002643.SH,2025-12-10 15:00:00,14.11,14.18,14.24,14.09,42288,59971304.0,1.06,0.5,0.07,0.47
上海新阳,300236.SH,2025-12-10 15:00:00,58.35,59.45,59.75,58.33,38599,228995509.0,2.43,1.89,1.1,1.38
先导基电,600641.SH,2025-12-10 15:00:00,16.5,16.6,16.72,16.49,64058,106545191.0,1.39,0.61,0.1,0.69
电科数字,600850.SH,2025-12-10 15:00:00,26.27,26.86,26.86,26.25,58301,155708273.0,2.32,2.25,0.59,0.86
电科芯片,600877.SH,2025-12-10 15:00:00,15.43,15.52,15.6,15.42,65228,101392724.0,1.17,0.52,0.08,0.55
东北证券,000686.SH,2025-12-11 10:30:00,9.29,9.27,9.33,9.23,137229,127147057.0,1.07,-0.75,-0.07,0.59
拓邦股份,002139.SH,2025-12-11 10:30:00,13.62,13.65,13.68,13.51,60085,81777899.0,1.25,0.29,0.04,0.56
北斗星通,002151.SH,2025-12-11 10:30:00,32.14,32.34,32.6,31.79,119855,387400810.0,2.53,1.13,0.36,2.71
楚江新材,002171.SH,2025-12-11 10:30:00,11.9,12.0,12.08,11.86,257529,308426734.0,1.85,1.1,0.13,1.6
仙琚制药,002332.SH,2025-12-11 10:30:00,9.48,9.46,9.53,9.4,52158,49394237.0,1.37,-0.63,-0.06,0.53
万润股份,002643.SH,2025-12-11 10:30:00,14.15,14.1,14.18,13.97,58511,82239439.0,1.48,-0.56,-0.08,0.64
上海新阳,300236.SH,2025-12-11 10:30:00,59.51,59.71,59.88,58.68,32030,189688366.0,2.02,0.44,0.26,1.15
先导基电,600641.SH,2025-12-11 10:30:00,16.57,16.73,16.8,16.35,100080,165709103.0,2.71,0.78,0.13,1.08
电科数字,600850.SH,2025-12-11 10:30:00,26.89,27.04,27.45,26.71,83432,226286524.0,2.76,0.67,0.18,1.23
电科芯片,600877.SH,2025-12-11 10:30:00,15.48,15.57,15.7,15.41,115679,180053137.0,1.87,0.32,0.05,0.98
东北证券,000686.SH,2025-12-11 11:30:00,9.26,9.22,9.29,9.21,65349,60422315.0,0.86,-0.54,-0.05,0.28
拓邦股份,002139.SH,2025-12-11 11:30:00,13.66,13.61,13.71,13.61,41052,56142064.0,0.73,-0.29,-0.04,0.38
北斗星通,002151.SH,2025-12-11 11:30:00,32.34,32.08,32.45,32.04,33149,106822150.0,1.27,-0.8,-0.26,0.75
楚江新材,002171.SH,2025-12-11 11:30:00,12.0,11.89,12.0,11.84,118443,141227217.0,1.33,-0.92,-0.11,0.73
仙琚制药,002332.SH,2025-12-11 11:30:00,9.46,9.45,9.48,9.44,17302,16369061.0,0.42,-0.11,-0.01,0.18
万润股份,002643.SH,2025-12-11 11:30:00,14.1,13.97,14.11,13.96,24434,34290723.0,1.06,-0.92,-0.13,0.27
上海新阳,300236.SH,2025-12-11 11:30:00,59.79,59.08,59.79,59.0,17484,103989530.0,1.32,-1.06,-0.63,0.63
先导基电,600641.SH,2025-12-11 11:30:00,16.72,16.78,16.98,16.65,75127,126145924.0,1.97,0.3,0.05,0.81
电科数字,600850.SH,2025-12-11 11:30:00,27.04,26.77,27.12,26.77,23384,62927318.0,1.29,-1.0,-0.27,0.34
电科芯片,600877.SH,2025-12-11 11:30:00,15.56,15.42,15.68,15.4,73496,114330476.0,1.8,-0.96,-0.15,0.62
东北证券,000686.SH,2025-12-11 14:00:00,9.21,9.18,9.22,9.15,86647,79552321.0,0.76,-0.43,-0.04,0.37
拓邦股份,002139.SH,2025-12-11 14:00:00,13.6,13.63,13.64,13.52,33373,45301571.0,0.88,0.15,0.02,0.31
北斗星通,002151.SH,2025-12-11 14:00:00,32.07,32.02,32.17,31.94,27028,86584061.0,0.72,-0.19,-0.06,0.61
楚江新材,002171.SH,2025-12-11 14:00:00,11.9,11.9,11.96,11.87,79113,94184650.0,0.76,0.08,0.01,0.49
仙琚制药,002332.SH,2025-12-11 14:00:00,9.45,9.39,9.45,9.37,34190,32140888.0,0.85,-0.63,-0.06,0.35
万润股份,002643.SH,2025-12-11 14:00:00,13.96,13.95,13.99,13.93,23810,33235983.0,0.43,-0.14,-0.02,0.26
上海新阳,300236.SH,2025-12-11 14:00:00,58.98,58.96,59.19,58.89,10669,62967479.0,0.51,-0.2,-0.12,0.38
先导基电,600641.SH,2025-12-11 14:00:00,16.8,17.02,17.05,16.6,74980,125695715.0,2.68,1.43,0.24,0.81
电科数字,600850.SH,2025-12-11 14:00:00,26.77,26.7,26.78,26.5,22165,59080402.0,1.05,-0.26,-0.07,0.33
电科芯片,600877.SH,2025-12-11 14:00:00,15.43,15.46,15.52,15.38,43181,66698300.0,0.91,0.26,0.04,0.36
东北证券,000686.SH,2025-12-11 15:00:00,9.17,9.13,9.21,9.11,121645,111252435.0,1.09,-0.54,-0.05,0.52
拓邦股份,002139.SH,2025-12-11 15:00:00,13.62,13.6,13.65,13.58,45354,61799124.0,0.51,-0.22,-0.03,0.42
北斗星通,002151.SH,2025-12-11 15:00:00,32.01,31.8,32.24,31.77,41922,133899974.0,1.47,-0.69,-0.22,0.95
楚江新材,002171.SH,2025-12-11 15:00:00,11.9,11.85,11.99,11.85,134520,160032882.0,1.18,-0.42,-0.05,0.83
仙琚制药,002332.SH,2025-12-11 15:00:00,9.38,9.37,9.41,9.34,38307,35853849.0,0.75,-0.21,-0.02,0.39
万润股份,002643.SH,2025-12-11 15:00:00,13.94,13.88,13.98,13.86,52383,72842149.0,0.86,-0.5,-0.07,0.58
上海新阳,300236.SH,2025-12-11 15:00:00,58.95,58.49,59.07,58.47,18682,109677741.0,1.02,-0.8,-0.47,0.67
先导基电,600641.SH,2025-12-11 15:00:00,17.03,16.76,17.04,16.71,107907,181935532.0,1.94,-1.53,-0.26,1.16
电科数字,600850.SH,2025-12-11 15:00:00,26.7,26.88,26.98,26.67,29770,79875444.0,1.16,0.67,0.18,0.44
电科芯片,600877.SH,2025-12-11 15:00:00,15.47,15.37,15.54,15.35,66956,103235208.0,1.23,-0.58,-0.09,0.57
东北证券,000686.SH,2025-12-12 10:30:00,9.14,9.15,9.19,9.1,132816,121489870.0,0.99,0.22,0.02,0.57
拓邦股份,002139.SH,2025-12-12 10:30:00,13.62,13.84,13.9,13.55,159517,219747277.0,2.57,1.76,0.24,1.49
北斗星通,002151.SH,2025-12-12 10:30:00,31.57,32.23,32.23,31.52,77663,248210841.0,2.23,1.35,0.43,1.75
楚江新材,002171.SH,2025-12-12 10:30:00,11.88,12.08,12.18,11.87,318139,382864023.0,2.62,1.94,0.23,1.97
仙琚制药,002332.SH,2025-12-12 10:30:00,9.37,9.34,9.37,9.3,35817,33416822.0,0.75,-0.32,-0.03,0.36
万润股份,002643.SH,2025-12-12 10:30:00,13.87,14.01,14.08,13.87,42969,60050416.0,1.51,0.94,0.13,0.47
上海新阳,300236.SH,2025-12-12 10:30:00,57.99,57.22,59.0,56.92,44290,255217694.0,3.56,-2.17,-1.27,1.59
先导基电,600641.SH,2025-12-12 10:30:00,16.77,16.47,16.88,16.38,124286,205649866.0,2.98,-1.73,-0.29,1.34
电科数字,600850.SH,2025-12-12 10:30:00,27.46,27.28,27.49,25.71,156261,413748132.0,6.62,1.49,0.4,2.3
电科芯片,600877.SH,2025-12-12 10:30:00,15.31,15.62,15.66,15.2,140953,217644763.0,2.99,1.63,0.25,1.19
东北证券,000686.SH,2025-12-12 11:30:00,9.15,9.17,9.24,9.14,98998,91046958.0,1.09,0.22,0.02,0.42
拓邦股份,002139.SH,2025-12-12 11:30:00,13.83,13.99,14.03,13.8,128242,178515513.0,1.66,1.08,0.15,1.2
北斗星通,002151.SH,2025-12-12 11:30:00,32.22,31.86,32.24,31.74,45514,145653542.0,1.55,-1.15,-0.37,1.03
楚江新材,002171.SH,2025-12-12 11:30:00,12.09,12.03,12.09,11.98,110460,133078285.0,0.91,-0.41,-0.05,0.68
仙琚制药,002332.SH,2025-12-12 11:30:00,9.34,9.35,9.37,9.33,11888,11111531.0,0.43,0.11,0.01,0.12
万润股份,002643.SH,2025-12-12 11:30:00,14.01,14.24,14.37,13.97,87807,124922890.0,2.86,1.64,0.23,0.97
上海新阳,300236.SH,2025-12-12 11:30:00,57.23,59.22,59.62,57.16,43965,258974550.0,4.3,3.5,2.0,1.58
先导基电,600641.SH,2025-12-12 11:30:00,16.48,16.65,16.77,16.42,58515,97161468.0,2.13,1.09,0.18,0.63
电科数字,600850.SH,2025-12-12 11:30:00,27.28,26.82,27.6,26.75,49405,134497481.0,3.12,-1.69,-0.46,0.73
电科芯片,600877.SH,2025-12-12 11:30:00,15.63,15.47,15.69,15.45,74710,116506864.0,1.54,-0.96,-0.15,0.63
东北证券,000686.SH,2025-12-12 14:00:00,9.18,9.31,9.43,9.17,241834,225590568.0,2.84,1.53,0.14,1.03
拓邦股份,002139.SH,2025-12-12 14:00:00,13.98,13.95,14.03,13.86,94386,131455608.0,1.22,-0.29,-0.04,0.88
北斗星通,002151.SH,2025-12-12 14:00:00,31.85,31.94,31.98,31.8,23685,75491104.0,0.56,0.25,0.08,0.53
楚江新材,002171.SH,2025-12-12 14:00:00,12.05,12.25,12.28,12.05,298663,363962428.0,1.91,1.83,0.22,1.85
仙琚制药,002332.SH,2025-12-12 14:00:00,9.34,9.34,9.36,9.31,19885,18559553.0,0.53,-0.11,-0.01,0.2
万润股份,002643.SH,2025-12-12 14:00:00,14.23,14.28,14.28,14.2,34826,49595964.0,0.56,0.28,0.04,0.38
上海新阳,300236.SH,2025-12-12 14:00:00,59.22,59.6,59.8,58.8,23840,141514721.0,1.69,0.64,0.38,0.86
先导基电,600641.SH,2025-12-12 14:00:00,16.65,16.72,16.73,16.61,49382,82274667.0,0.72,0.42,0.07,0.53
电科数字,600850.SH,2025-12-12 14:00:00,26.82,26.71,26.98,26.69,21813,58485386.0,1.08,-0.41,-0.11,0.32
电科芯片,600877.SH,2025-12-12 14:00:00,15.47,15.46,15.54,15.44,36761,56943253.0,0.65,-0.06,-0.01,0.31
东北证券,000686.SH,2025-12-12 15:00:00,9.31,9.3,9.34,9.26,151487,140874244.0,0.86,-0.11,-0.01,0.65
拓邦股份,002139.SH,2025-12-12 15:00:00,13.95,13.83,13.96,13.81,106094,147156680.0,1.08,-0.86,-0.12,0.99
北斗星通,002151.SH,2025-12-12 15:00:00,31.93,31.64,31.99,31.58,53782,170600492.0,1.28,-0.94,-0.3,1.21
楚江新材,002171.SH,2025-12-12 15:00:00,12.25,12.2,12.25,12.16,189229,230820911.0,0.73,-0.41,-0.05,1.17
仙琚制药,002332.SH,2025-12-12 15:00:00,9.34,9.31,9.36,9.31,27718,25853515.0,0.54,-0.32,-0.03,0.28
万润股份,002643.SH,2025-12-12 15:00:00,14.28,14.31,14.34,14.24,75308,107616140.0,0.7,0.21,0.03,0.83
上海新阳,300236.SH,2025-12-12 15:00:00,59.6,60.5,60.86,59.51,61735,371949816.0,2.27,1.51,0.9,2.21
先导基电,600641.SH,2025-12-12 15:00:00,16.71,16.66,16.75,16.61,97538,162585391.0,0.84,-0.36,-0.06,1.05
电科数字,600850.SH,2025-12-12 15:00:00,26.72,26.82,26.92,26.7,26634,71366671.0,0.82,0.41,0.11,0.39
电科芯片,600877.SH,2025-12-12 15:00:00,15.47,15.37,15.48,15.28,83823,128747964.0,1.29,-0.58,-0.09,0.71
东北证券,000686.SH,2025-12-15 10:30:00,9.21,9.41,9.44,9.17,243901,227696934.0,2.9,1.18,0.11,1.04
拓邦股份,002139.SH,2025-12-15 10:30:00,13.82,13.81,13.93,13.72,94057,130149769.0,1.52,-0.14,-0.02,0.88
北斗星通,002151.SH,2025-12-15 10:30:00,31.54,32.03,32.04,31.14,80236,253867623.0,2.84,1.23,0.39,1.81
楚江新材,002171.SH,2025-12-15 10:30:00,12.26,12.53,12.57,12.21,591013,735243086.0,2.95,2.7,0.33,3.66
仙琚制药,002332.SH,2025-12-15 10:30:00,9.31,9.23,9.32,9.2,50336,46516050.0,1.29,-0.86,-0.08,0.51
万润股份,002643.SH,2025-12-15 10:30:00,14.31,14.57,14.64,14.26,129921,188131508.0,2.66,1.82,0.26,1.43
上海新阳,300236.SH,2025-12-15 10:30:00,59.7,62.87,63.65,59.32,159119,988977391.0,7.16,3.92,2.37,5.71
先导基电,600641.SH,2025-12-15 10:30:00,16.5,16.4,16.6,16.28,76181,125028395.0,1.92,-1.56,-0.26,0.82
电科数字,600850.SH,2025-12-15 10:30:00,26.56,28.19,28.66,26.52,171105,477458883.0,7.98,5.11,1.37,2.52
电科芯片,600877.SH,2025-12-15 10:30:00,15.22,15.6,15.72,15.0,166822,257079509.0,4.68,1.5,0.23,1.41
东北证券,000686.SH,2025-12-15 11:30:00,9.41,9.42,9.55,9.4,172097,163030623.0,1.59,0.11,0.01,0.74
拓邦股份,002139.SH,2025-12-15 11:30:00,13.81,13.72,13.87,13.72,31545,43477590.0,1.09,-0.65,-0.09,0.29
北斗星通,002151.SH,2025-12-15 11:30:00,32.03,31.96,32.2,31.79,33373,106779882.0,1.28,-0.22,-0.07,0.75
楚江新材,002171.SH,2025-12-15 11:30:00,12.53,12.37,12.54,12.3,197298,244696410.0,1.92,-1.28,-0.16,1.22
仙琚制药,002332.SH,2025-12-15 11:30:00,9.24,9.22,9.24,9.2,20035,18478833.0,0.43,-0.11,-0.01,0.2
万润股份,002643.SH,2025-12-15 11:30:00,14.57,14.5,14.69,14.5,59488,86743766.0,1.3,-0.48,-0.07,0.65
上海新阳,300236.SH,2025-12-15 11:30:00,62.77,62.52,63.66,62.51,34381,216684823.0,1.83,-0.56,-0.35,1.23
先导基电,600641.SH,2025-12-15 11:30:00,16.4,16.38,16.54,16.38,22591,37160705.0,0.98,-0.12,-0.02,0.24
电科数字,600850.SH,2025-12-15 11:30:00,28.18,28.13,28.38,28.09,29008,81850214.0,1.03,-0.21,-0.06,0.43
电科芯片,600877.SH,2025-12-15 11:30:00,15.59,15.69,15.95,15.58,114584,180385129.0,2.37,0.58,0.09,0.97
东北证券,000686.SH,2025-12-15 14:00:00,9.42,9.43,9.49,9.39,66373,62561521.0,1.06,0.11,0.01,0.28
拓邦股份,002139.SH,2025-12-15 14:00:00,13.72,13.59,13.72,13.58,49720,67870203.0,1.02,-0.95,-0.13,0.46
北斗星通,002151.SH,2025-12-15 14:00:00,31.94,31.95,32.0,31.8,21261,67800126.0,0.63,-0.03,-0.01,0.48
楚江新材,002171.SH,2025-12-15 14:00:00,12.39,12.42,12.44,12.3,132302,163563982.0,1.13,0.4,0.05,0.82
仙琚制药,002332.SH,2025-12-15 14:00:00,9.23,9.2,9.23,9.18,19162,17645869.0,0.54,-0.22,-0.02,0.19
万润股份,002643.SH,2025-12-15 14:00:00,14.51,14.57,14.59,14.43,36909,53507564.0,1.1,0.48,0.07,0.41
上海新阳,300236.SH,2025-12-15 14:00:00,62.52,62.43,63.45,62.0,28830,180341152.0,2.32,-0.14,-0.09,1.03
先导基电,600641.SH,2025-12-15 14:00:00,16.39,16.49,16.53,16.36,21195,34811530.0,1.04,0.67,0.11,0.23
电科数字,600850.SH,2025-12-15 14:00:00,28.12,28.54,28.65,28.07,61500,175066544.0,2.06,1.46,0.41,0.9
电科芯片,600877.SH,2025-12-15 14:00:00,15.7,15.69,15.73,15.6,40282,63142432.0,0.83,0.0,0.0,0.34
东北证券,000686.SH,2025-12-15 15:00:00,9.43,9.37,9.44,9.37,112993,106149505.0,0.74,-0.64,-0.06,0.48
拓邦股份,002139.SH,2025-12-15 15:00:00,13.58,13.51,13.6,13.5,55584,75228510.0,0.74,-0.59,-0.08,0.52
北斗星通,002151.SH,2025-12-15 15:00:00,31.94,31.74,31.95,31.65,31363,99633964.0,0.94,-0.66,-0.21,0.71
楚江新材,002171.SH,2025-12-15 15:00:00,12.41,12.36,12.42,12.27,195758,241213194.0,1.21,-0.48,-0.06,1.21
仙琚制药,002332.SH,2025-12-15 15:00:00,9.2,9.15,9.22,9.15,45925,42156466.0,0.76,-0.54,-0.05,0.47
万润股份,002643.SH,2025-12-15 15:00:00,14.58,14.51,14.58,14.46,55416,80341220.0,0.82,-0.41,-0.06,0.61
上海新阳,300236.SH,2025-12-15 15:00:00,62.44,61.92,62.48,61.77,32904,204164333.0,1.14,-0.82,-0.51,1.18
先导基电,600641.SH,2025-12-15 15:00:00,16.48,16.43,16.51,16.41,31212,51357784.0,0.61,-0.36,-0.06,0.34
电科数字,600850.SH,2025-12-15 15:00:00,28.54,28.7,29.3,28.47,124866,360447947.0,2.91,0.56,0.16,1.84
电科芯片,600877.SH,2025-12-15 15:00:00,15.68,15.67,15.69,15.55,93139,145517416.0,0.89,-0.13,-0.02,0.79
东北证券,000686.SH,2025-12-16 10:30:00,9.32,9.38,9.44,9.29,204574,191553723.0,1.6,0.11,0.01,0.87
拓邦股份,002139.SH,2025-12-16 10:30:00,13.5,13.54,13.55,13.31,71739,96249006.0,1.78,0.22,0.03,0.67
北斗星通,002151.SH,2025-12-16 10:30:00,32.1,31.31,32.16,30.89,92321,289239580.0,4.0,-1.35,-0.43,2.08
楚江新材,002171.SH,2025-12-16 10:30:00,12.4,11.87,12.4,11.8,443491,530213534.0,4.85,-3.96,-0.49,2.75
仙琚制药,002332.SH,2025-12-16 10:30:00,9.15,9.05,9.16,9.03,66069,59979146.0,1.42,-1.09,-0.1,0.67
万润股份,002643.SH,2025-12-16 10:30:00,14.42,14.3,14.42,14.04,101482,144114932.0,2.62,-1.45,-0.21,1.12
上海新阳,300236.SH,2025-12-16 10:30:00,60.77,60.45,61.55,59.57,68123,410881903.0,3.2,-2.37,-1.47,2.44
先导基电,600641.SH,2025-12-16 10:30:00,16.41,16.06,16.45,15.86,88924,142536468.0,3.59,-2.25,-0.37,0.96
电科数字,600850.SH,2025-12-16 10:30:00,28.72,29.64,30.0,28.7,228226,672457618.0,4.53,3.28,0.94,3.36
电科芯片,600877.SH,2025-12-16 10:30:00,15.6,15.4,15.62,15.15,147996,227116205.0,3.0,-1.72,-0.27,1.25
东北证券,000686.SH,2025-12-16 11:30:00,9.38,9.36,9.42,9.33,112540,105507955.0,0.96,-0.21,-0.02,0.48
拓邦股份,002139.SH,2025-12-16 11:30:00,13.54,13.45,13.54,13.43,22940,30947058.0,0.81,-0.66,-0.09,0.21
北斗星通,002151.SH,2025-12-16 11:30:00,31.3,31.58,31.95,31.14,41234,129923966.0,2.59,0.86,0.27,0.93
楚江新材,002171.SH,2025-12-16 11:30:00,11.87,11.73,11.87,11.7,133207,156709014.0,1.43,-1.18,-0.14,0.83
仙琚制药,002332.SH,2025-12-16 11:30:00,9.06,9.03,9.06,9.0,28406,25647664.0,0.66,-0.22,-0.02,0.29
万润股份,002643.SH,2025-12-16 11:30:00,14.28,14.17,14.28,14.16,28947,41148756.0,0.84,-0.91,-0.13,0.32
上海新阳,300236.SH,2025-12-16 11:30:00,60.37,58.95,60.51,58.95,32592,194028022.0,2.58,-2.48,-1.5,1.17
先导基电,600641.SH,2025-12-16 11:30:00,16.05,15.92,16.05,15.85,29037,46215557.0,1.25,-0.87,-0.14,0.31
电科数字,600850.SH,2025-12-16 11:30:00,29.64,29.25,29.7,29.2,53029,155958362.0,1.69,-1.32,-0.39,0.78
电科芯片,600877.SH,2025-12-16 11:30:00,15.39,15.26,15.39,15.11,67178,102288687.0,1.82,-0.91,-0.14,0.57
东北证券,000686.SH,2025-12-16 14:00:00,9.37,9.34,9.4,9.31,86817,81183429.0,0.96,-0.21,-0.02,0.37
拓邦股份,002139.SH,2025-12-16 14:00:00,13.45,13.4,13.49,13.4,26799,35988121.0,0.67,-0.37,-0.05,0.25
北斗星通,002151.SH,2025-12-16 14:00:00,31.59,32.14,32.76,31.53,101380,326923464.0,3.89,1.77,0.56,2.29
楚江新材,002171.SH,2025-12-16 14:00:00,11.73,11.81,11.88,11.67,126619,148946816.0,1.79,0.68,0.08,0.78
仙琚制药,002332.SH,2025-12-16 14:00:00,9.03,9.04,9.06,9.01,23136,20884028.0,0.55,0.11,0.01,0.23
万润股份,002643.SH,2025-12-16 14:00:00,14.17,14.29,14.38,14.09,54315,77360822.0,2.05,0.85,0.12,0.6
上海新阳,300236.SH,2025-12-16 14:00:00,58.92,61.05,61.79,58.91,28738,173087332.0,4.89,3.56,2.1,1.03
先导基电,600641.SH,2025-12-16 14:00:00,15.91,16.05,16.12,15.84,34609,55308542.0,1.76,0.82,0.13,0.37
电科数字,600850.SH,2025-12-16 14:00:00,29.25,29.36,29.58,29.11,51894,152164398.0,1.61,0.38,0.11,0.76
电科芯片,600877.SH,2025-12-16 14:00:00,15.28,15.41,15.53,15.26,48215,74312465.0,1.77,0.98,0.15,0.41
东北证券,000686.SH,2025-12-16 15:00:00,9.35,9.32,9.37,9.3,113114,105564763.0,0.75,-0.21,-0.02,0.48
拓邦股份,002139.SH,2025-12-16 15:00:00,13.39,13.31,13.42,13.29,46109,61528932.0,0.97,-0.67,-0.09,0.43
北斗星通,002151.SH,2025-12-16 15:00:00,32.14,32.2,32.46,32.06,63081,203292901.0,1.24,0.19,0.06,1.42
楚江新材,002171.SH,2025-12-16 15:00:00,11.82,11.8,11.86,11.76,113030,133444634.0,0.85,-0.08,-0.01,0.7
仙琚制药,002332.SH,2025-12-16 15:00:00,9.04,9.01,9.05,9.01,16822,15178209.0,0.44,-0.33,-0.03,0.17
万润股份,002643.SH,2025-12-16 15:00:00,14.29,14.34,14.42,14.25,73166,104951539.0,1.19,0.35,0.05,0.8
上海新阳,300236.SH,2025-12-16 15:00:00,61.09,61.1,61.58,60.83,23108,141452464.0,1.23,0.08,0.05,0.83
先导基电,600641.SH,2025-12-16 15:00:00,16.05,16.0,16.12,16.0,28125,45159156.0,0.75,-0.31,-0.05,0.3
电科数字,600850.SH,2025-12-16 15:00:00,29.36,29.36,29.53,29.25,42939,126209040.0,0.95,0.0,0.0,0.63
电科芯片,600877.SH,2025-12-16 15:00:00,15.42,15.47,15.75,15.39,89603,139323183.0,2.34,0.39,0.06,0.76
东北证券,000686.SH,2025-12-17 10:30:00,9.32,9.31,9.41,9.22,153158,142551566.0,2.04,-0.11,-0.01,0.65
拓邦股份,002139.SH,2025-12-17 10:30:00,13.3,13.33,13.45,13.3,46788,62478575.0,1.13,0.15,0.02,0.44
北斗星通,002151.SH,2025-12-17 10:30:00,32.16,32.07,33.0,31.91,145898,472929122.0,3.39,-0.4,-0.13,3.29
楚江新材,002171.SH,2025-12-17 10:30:00,11.72,11.53,11.84,11.45,321958,373877395.0,3.31,-2.29,-0.27,2.0
仙琚制药,002332.SH,2025-12-17 10:30:00,9.01,9.01,9.05,8.97,34638,31193483.0,0.89,0.0,0.0,0.35
万润股份,002643.SH,2025-12-17 10:30:00,14.34,14.1,14.41,14.04,76193,108090365.0,2.58,-1.67,-0.24,0.84
上海新阳,300236.SH,2025-12-17 10:30:00,60.51,58.82,60.93,58.7,63026,375459154.0,3.65,-3.73,-2.28,2.26
先导基电,600641.SH,2025-12-17 10:30:00,15.97,15.73,16.14,15.66,67222,106417465.0,3.0,-1.69,-0.27,0.72
电科数字,600850.SH,2025-12-17 10:30:00,29.65,29.33,30.33,29.2,196734,586310169.0,3.85,-0.1,-0.03,2.89
电科芯片,600877.SH,2025-12-17 10:30:00,15.39,15.02,15.81,14.8,236060,358854004.0,6.53,-2.91,-0.45,1.99
东北证券,000686.SH,2025-12-17 11:30:00,9.31,9.29,9.34,9.26,56399,52412802.0,0.86,-0.21,-0.02,0.24
拓邦股份,002139.SH,2025-12-17 11:30:00,13.33,13.3,13.35,13.28,12597,16767235.0,0.53,-0.23,-0.03,0.12
北斗星通,002151.SH,2025-12-17 11:30:00,32.07,32.02,32.1,31.8,28031,89526114.0,0.94,-0.16,-0.05,0.63
楚江新材,002171.SH,2025-12-17 11:30:00,11.53,11.7,11.73,11.47,96990,112523087.0,2.25,1.47,0.17,0.6
仙琚制药,002332.SH,2025-12-17 11:30:00,9.01,9.03,9.04,8.99,11313,10195843.0,0.55,0.22,0.02,0.11
万润股份,002643.SH,2025-12-17 11:30:00,14.09,14.09,14.15,14.04,28378,39969253.0,0.78,-0.07,-0.01,0.31
上海新阳,300236.SH,2025-12-17 11:30:00,58.88,59.44,59.53,58.5,15435,91130717.0,1.75,1.05,0.62,0.55
先导基电,600641.SH,2025-12-17 11:30:00,15.74,15.75,15.79,15.66,19839,31197926.0,0.83,0.13,0.02,0.21
电科数字,600850.SH,2025-12-17 11:30:00,29.32,29.38,29.51,29.01,57372,167663667.0,1.7,0.17,0.05,0.84
电科芯片,600877.SH,2025-12-17 11:30:00,15.02,15.21,15.35,14.97,45934,69547498.0,2.53,1.26,0.19,0.39
东北证券,000686.SH,2025-12-17 14:00:00,9.3,9.46,9.47,9.23,161782,151307647.0,2.58,1.83,0.17,0.69
拓邦股份,002139.SH,2025-12-17 14:00:00,13.3,13.46,13.47,13.28,23151,30950598.0,1.43,1.2,0.16,0.22
北斗星通,002151.SH,2025-12-17 14:00:00,32.05,32.02,32.05,31.66,26674,84858582.0,1.22,0.0,0.0,0.6
楚江新材,002171.SH,2025-12-17 14:00:00,11.7,11.95,11.95,11.66,118133,139049355.0,2.48,2.14,0.25,0.73
仙琚制药,002332.SH,2025-12-17 14:00:00,9.03,9.07,9.07,8.99,18408,16612948.0,0.89,0.44,0.04,0.19
万润股份,002643.SH,2025-12-17 14:00:00,14.09,14.26,14.26,14.01,38796,54684963.0,1.77,1.21,0.17,0.43
上海新阳,300236.SH,2025-12-17 14:00:00,59.34,60.5,60.52,59.09,16225,97014979.0,2.41,1.78,1.06,0.58
先导基电,600641.SH,2025-12-17 14:00:00,15.74,16.05,16.06,15.68,41117,65194200.0,2.41,1.9,0.3,0.44
电科数字,600850.SH,2025-12-17 14:00:00,29.37,29.17,29.38,29.0,42518,124034108.0,1.29,-0.71,-0.21,0.63
电科芯片,600877.SH,2025-12-17 14:00:00,15.2,15.25,15.26,15.02,29746,44936732.0,1.58,0.26,0.04,0.25
东北证券,000686.SH,2025-12-17 15:00:00,9.45,9.44,9.58,9.4,313239,296145616.0,1.9,-0.21,-0.02,1.34
拓邦股份,002139.SH,2025-12-17 15:00:00,13.46,13.5,13.54,13.45,41703,56279388.0,0.67,0.3,0.04,0.39
北斗星通,002151.SH,2025-12-17 15:00:00,32.03,32.12,32.25,32.0,42811,137540223.0,0.78,0.31,0.1,0.97
楚江新材,002171.SH,2025-12-17 15:00:00,11.95,11.97,12.02,11.9,198975,238053530.0,1.0,0.17,0.02,1.23
仙琚制药,002332.SH,2025-12-17 15:00:00,9.07,9.09,9.14,9.06,26877,24465395.0,0.88,0.22,0.02,0.27
万润股份,002643.SH,2025-12-17 15:00:00,14.27,14.37,14.39,14.27,64134,91999294.0,0.84,0.77,0.11,0.71
上海新阳,300236.SH,2025-12-17 15:00:00,60.5,61.39,61.83,60.46,48327,296307694.0,2.26,1.47,0.89,1.73
先导基电,600641.SH,2025-12-17 15:00:00,16.06,16.19,16.24,16.06,50490,81652521.0,1.12,0.87,0.14,0.54
电科数字,600850.SH,2025-12-17 15:00:00,29.17,28.85,29.3,28.8,79595,231320582.0,1.71,-1.1,-0.32,1.17
电科芯片,600877.SH,2025-12-17 15:00:00,15.27,15.36,15.41,15.26,67158,103137154.0,0.98,0.72,0.11,0.57
东北证券,000686.SH,2025-12-18 10:30:00,9.4,9.26,9.44,9.23,314741,292861620.0,2.22,-1.91,-0.18,1.34
拓邦股份,002139.SH,2025-12-18 10:30:00,13.45,13.39,13.51,13.37,47046,63207303.0,1.04,-0.81,-0.11,0.44
北斗星通,002151.SH,2025-12-18 10:30:00,31.8,32.65,32.67,31.66,102547,331167442.0,3.14,1.65,0.53,2.32
楚江新材,002171.SH,2025-12-18 10:30:00,11.83,12.05,12.13,11.79,201180,241438551.0,2.84,0.67,0.08,1.25
仙琚制药,002332.SH,2025-12-18 10:30:00,9.06,9.12,9.13,9.06,20818,18953936.0,0.77,0.33,0.03,0.21
万润股份,002643.SH,2025-12-18 10:30:00,14.28,14.46,14.68,14.23,96252,139605714.0,3.13,0.63,0.09,1.06
上海新阳,300236.SH,2025-12-18 10:30:00,60.51,59.84,61.2,59.72,42144,254429913.0,2.41,-2.52,-1.55,1.51
先导基电,600641.SH,2025-12-18 10:30:00,16.15,16.72,17.29,16.1,184905,310894066.0,7.35,3.27,0.53,1.99
电科数字,600850.SH,2025-12-18 10:30:00,28.82,29.37,29.62,28.7,89634,262537209.0,3.19,1.8,0.52,1.32
电科芯片,600877.SH,2025-12-18 10:30:00,15.21,15.56,15.64,15.13,133477,205805846.0,3.32,1.3,0.2,1.13
东北证券,000686.SH,2025-12-18 11:30:00,9.25,9.21,9.27,9.19,140830,129877169.0,0.86,-0.54,-0.05,0.6
拓邦股份,002139.SH,2025-12-18 11:30:00,13.39,13.36,13.4,13.33,22324,29829875.0,0.52,-0.22,-0.03,0.21
北斗星通,002151.SH,2025-12-18 11:30:00,32.63,32.82,32.97,32.53,97705,320327852.0,1.35,0.52,0.17,2.21
楚江新材,002171.SH,2025-12-18 11:30:00,12.05,12.12,12.2,11.98,150425,181783083.0,1.83,0.58,0.07,0.93
仙琚制药,002332.SH,2025-12-18 11:30:00,9.13,9.12,9.13,9.11,10518,9592958.0,0.22,0.0,0.0,0.11
万润股份,002643.SH,2025-12-18 11:30:00,14.46,14.44,14.5,14.39,32253,46577619.0,0.76,-0.14,-0.02,0.35
上海新阳,300236.SH,2025-12-18 11:30:00,59.89,59.56,60.43,59.56,15520,92902045.0,1.45,-0.47,-0.28,0.56
先导基电,600641.SH,2025-12-18 11:30:00,16.71,16.6,16.73,16.6,30816,51331470.0,0.78,-0.72,-0.12,0.33
电科数字,600850.SH,2025-12-18 11:30:00,29.36,29.92,30.13,29.26,72821,216367773.0,2.96,1.87,0.55,1.07
电科芯片,600877.SH,2025-12-18 11:30:00,15.58,15.63,15.77,15.52,99134,155022395.0,1.61,0.45,0.07,0.84
东北证券,000686.SH,2025-12-18 14:00:00,9.21,9.18,9.25,9.18,105062,96726772.0,0.76,-0.33,-0.03,0.45
拓邦股份,002139.SH,2025-12-18 14:00:00,13.36,13.33,13.41,13.32,25413,33936985.0,0.67,-0.22,-0.03,0.24
北斗星通,002151.SH,2025-12-18 14:00:00,32.85,32.49,32.86,32.41,46708,152463058.0,1.37,-1.01,-0.33,1.05
楚江新材,002171.SH,2025-12-18 14:00:00,12.13,11.95,12.15,11.92,110581,133204567.0,1.9,-1.4,-0.17,0.69
仙琚制药,002332.SH,2025-12-18 14:00:00,9.12,9.12,9.13,9.1,14689,13388474.0,0.33,0.0,0.0,0.15
万润股份,002643.SH,2025-12-18 14:00:00,14.44,14.34,14.49,14.33,32442,46779909.0,1.11,-0.69,-0.1,0.36
上海新阳,300236.SH,2025-12-18 14:00:00,59.56,58.97,59.9,58.68,22312,132224472.0,2.05,-0.99,-0.59,0.8
先导基电,600641.SH,2025-12-18 14:00:00,16.6,16.58,16.91,16.57,42286,70643826.0,2.05,-0.12,-0.02,0.45
电科数字,600850.SH,2025-12-18 14:00:00,29.92,29.49,29.93,29.49,31928,94941835.0,1.47,-1.44,-0.43,0.47
电科芯片,600877.SH,2025-12-18 14:00:00,15.64,15.5,15.73,15.4,78864,122806826.0,2.11,-0.83,-0.13,0.67
东北证券,000686.SH,2025-12-18 15:00:00,9.19,9.18,9.21,9.17,109630,100742757.0,0.44,0.0,0.0,0.47
拓邦股份,002139.SH,2025-12-18 15:00:00,13.32,13.34,13.36,13.32,25199,33602537.0,0.3,0.08,0.01,0.24
北斗星通,002151.SH,2025-12-18 15:00:00,32.48,32.45,32.69,32.42,44737,145527841.0,0.83,-0.12,-0.04,1.01
楚江新材,002171.SH,2025-12-18 15:00:00,11.94,11.92,11.99,11.92,95659,114285046.0,0.59,-0.25,-0.03,0.59
仙琚制药,002332.SH,2025-12-18 15:00:00,9.11,9.1,9.11,9.1,10873,9899673.0,0.11,-0.22,-0.02,0.11
万润股份,002643.SH,2025-12-18 15:00:00,14.34,14.33,14.37,14.31,41687,59758185.0,0.42,-0.07,-0.01,0.46
上海新阳,300236.SH,2025-12-18 15:00:00,58.97,58.96,59.25,58.8,19710,116317831.0,0.76,-0.02,-0.01,0.71
先导基电,600641.SH,2025-12-18 15:00:00,16.59,16.58,16.64,16.52,40341,66957603.0,0.72,0.0,0.0,0.43
电科数字,600850.SH,2025-12-18 15:00:00,29.49,29.46,29.59,29.38,35582,104770823.0,0.71,-0.1,-0.03,0.52
电科芯片,600877.SH,2025-12-18 15:00:00,15.49,15.54,15.63,15.49,68372,106364865.0,0.9,0.26,0.04,0.58
