date,con_code,stock_name
20250124,000969.SZ,安泰科技
20250124,002249.SZ,大洋电机
20250124,002635.SZ,安洁科技
20250124,300627.SZ,华测导航
20250124,300679.SZ,电连技术
20250124,600621.SH,华鑫股份
20250124,600864.SH,哈投股份
20250124,603348.SH,文灿股份
20250124,605020.SH,永和股份
20250124,688403.SH,汇成股份
20250207,002126.SZ,银轮股份
20250207,002139.SZ,拓邦股份
20250207,002154.SZ,报喜鸟
20250207,002239.SZ,奥特佳
20250207,002635.SZ,安洁科技
20250207,002906.SZ,华阳集团
20250207,300627.SZ,华测导航
20250207,600718.SH,东软集团
20250207,603197.SH,保隆科技
20250207,603348.SH,文灿股份
20250214,000682.SZ,东方电子
20250214,002010.SZ,传化智联
20250214,002063.SZ,远光软件
20250214,002126.SZ,银轮股份
20250214,002396.SZ,星网锐捷
20250214,002906.SZ,华阳集团
20250214,600718.SH,东软集团
20250214,603690.SH,至纯科技
20250214,688007.SH,光峰科技
20250221,000727.SZ,冠捷科技
20250221,002010.SZ,传化智联
20250221,002176.SZ,江特电机
20250221,002396.SZ,星网锐捷
20250221,002541.SZ,鸿路钢构
20250221,002643.SZ,万润股份
20250221,002960.SZ,青鸟消防
20250221,300415.SZ,伊之密
20250221,603888.SH,新华网
20250221,688531.SH,日联科技
20250228,002126.SZ,银轮股份
20250228,002176.SZ,江特电机
20250228,002434.SZ,万里扬
20250228,600710.SH,苏美达
20250228,600729.SH,重庆百货
20250228,600761.SH,安徽合力
20250228,688007.SH,光峰科技
20250228,688556.SH,高测股份
20250307,002063.SZ,远光软件
20250307,002139.SZ,拓邦股份
20250307,002174.SZ,游族网络
20250307,002434.SZ,万里扬
20250307,002960.SZ,青鸟消防
20250307,600710.SH,苏美达
20250307,600718.SH,东软集团
20250307,600751.SH,海航科技
20250307,603348.SH,文灿股份
20250307,688007.SH,光峰科技
20250314,000156.SZ,华数传媒
20250314,000915.SZ,华特达因
20250314,300463.SZ,迈克生物
20250314,600456.SH,宝钛股份
20250314,600710.SH,苏美达
20250314,600751.SH,海航科技
20250314,601208.SH,东材科技
20250314,605589.SH,圣泉集团
20250321,000969.SZ,安泰科技
20250321,002048.SZ,宁波华翔
20250321,002434.SZ,万里扬
20250321,300415.SZ,伊之密
20250321,600751.SH,海航科技
20250321,603093.SH,南华期货
20250321,688556.SH,高测股份
20250328,300702.SZ,天宇股份
20250328,300841.SZ,康华生物
20250328,600882.SH,妙可蓝多
20250328,600976.SH,健民集团
20250328,603093.SH,南华期货
20250328,688150.SH,莱特光电
20250328,688268.SH,华特气体
20250403,002991.SZ,甘源食品
20250403,300357.SZ,我武生物
20250403,300841.SZ,康华生物
20250403,300869.SZ,康泰医学
20250403,600882.SH,妙可蓝多
20250403,603093.SH,南华期货
20250403,605009.SH,豪悦护理
20250403,688150.SH,莱特光电
20250411,000582.SZ,北部湾港
20250411,000860.SZ,顺鑫农业
20250411,002991.SZ,甘源食品
20250411,300236.SZ,上海新阳
20250411,600827.SH,百联股份
20250411,688146.SH,中船特气
20250411,688150.SH,莱特光电
20250418,002891.SZ,中宠股份
20250418,300236.SZ,上海新阳
20250418,300702.SZ,天宇股份
20250418,300841.SZ,康华生物
20250418,301363.SZ,美好医疗
20250418,600827.SH,百联股份
20250418,603128.SH,华贸物流
20250418,688531.SH,日联科技
20250425,300236.SZ,上海新阳
20250425,300415.SZ,伊之密
20250425,300685.SZ,艾德生物
20250425,300702.SZ,天宇股份
20250425,300725.SZ,药石科技
20250425,301216.SZ,万凯新材
20250425,301526.SZ,国际复材
20250425,688150.SH,莱特光电
20250425,688531.SH,日联科技
20250509,000727.SZ,冠捷科技
20250509,000969.SZ,安泰科技
20250509,001322.SZ,箭牌家居
20250509,002023.SZ,海特高新
20250509,002151.SZ,北斗星通
20250509,002626.SZ,金达威
20250509,300034.SZ,钢研高纳
20250509,300679.SZ,电连技术
20250509,601890.SH,亚星锚链
20250509,688586.SH,江航装备
20250516,000065.SZ,北方国际
20250516,000582.SZ,北部湾港
20250516,300596.SZ,利安隆
20250516,600017.SH,日照港
20250516,600338.SH,西藏珠峰
20250516,600428.SH,中远海特
20250516,600621.SH,华鑫股份
20250516,600751.SH,海航科技
20250516,600761.SH,安徽合力
20250516,601975.SH,招商南油
20250523,000582.SZ,北部湾港
20250523,002023.SZ,海特高新
20250523,002859.SZ,洁美科技
20250523,300841.SZ,康华生物
20250523,600259.SH,中稀有色
20250530,000766.SZ,通化金马
20250530,002544.SZ,普天科技
20250530,300034.SZ,钢研高纳
20250530,300036.SZ,超图软件
20250530,600478.SH,科力远
20250530,600621.SH,华鑫股份
20250530,600761.SH,安徽合力
20250530,601890.SH,亚星锚链
20250606,000970.SZ,中科三环
20250606,002171.SZ,楚江新材
20250606,002192.SZ,融捷股份
20250606,300725.SZ,药石科技
20250606,300741.SZ,华宝股份
20250606,300747.SZ,锐科激光
20250606,301015.SZ,百洋医药
20250606,600366.SH,宁波韵升
20250606,600621.SH,华鑫股份
20250606,600643.SH,爱建集团
20250613,000767.SZ,晋控电力
20250613,002171.SZ,楚江新材
20250613,002727.SZ,一心堂
20250613,300428.SZ,立中集团
20250613,301047.SZ,义翘神州
20250613,301262.SZ,海看股份
20250613,301371.SZ,敷尔佳
20250613,301376.SZ,致欧科技
20250613,600478.SH,科力远
20250613,600761.SH,安徽合力
20250620,000682.SZ,东方电子
20250620,002487.SZ,大金重工
20250620,002506.SZ,协鑫集成
20250620,600478.SH,科力远
20250620,600761.SH,安徽合力
20250620,601089.SH,福元医药
20250627,002051.SZ,中工国际
20250627,002139.SZ,拓邦股份
20250627,002254.SZ,泰和新材
20250627,002324.SZ,普利特
20250627,300416.SZ,苏试试验
20250627,301029.SZ,怡合达
20250627,600416.SH,湘电股份
20250627,600621.SH,华鑫股份
20250627,600864.SH,哈投股份
20250627,601375.SH,中原证券
20250704,000756.SZ,新华制药
20250704,000913.SZ,钱江摩托
20250704,002038.SZ,双鹭药业
20250704,002612.SZ,朗姿股份
20250704,002925.SZ,盈趣科技
20250704,300181.SZ,佐力药业
20250704,300596.SZ,利安隆
20250704,301047.SZ,义翘神州
20250704,600216.SH,浙江医药
20250704,600557.SH,康缘药业
20250711,000690.SZ,宝新能源
20250711,000969.SZ,安泰科技
20250711,002396.SZ,星网锐捷
20250711,300151.SZ,昌红科技
20250711,301029.SZ,怡合达
20250711,301327.SZ,华宝新能
20250711,301339.SZ,通行宝
20250711,600063.SH,皖维高新
20250711,600621.SH,华鑫股份
20250711,603612.SH,索通发展
20250718,002019.SZ,亿帆医药
20250718,002073.SZ,软控股份
20250718,002139.SZ,拓邦股份
20250718,002176.SZ,江特电机
20250718,002497.SZ,雅化集团
20250718,002913.SZ,奥士康
20250718,300129.SZ,泰胜风能
20250718,300576.SZ,容大感光
20250718,300747.SZ,锐科激光
20250718,300855.SZ,图南股份
20250725,000059.SZ,华锦股份
20250725,000672.SZ,上峰水泥
20250725,002060.SZ,广东建工
20250725,002233.SZ,塔牌集团
20250725,002567.SZ,唐人神
20250725,600169.SH,ST太重
20250725,600586.SH,金晶科技
20250725,600971.SH,恒源煤电
20250725,603227.SH,雪峰科技
20250725,603444.SH,吉比特
20250801,002019.SZ,亿帆医药
20250801,002151.SZ,北斗星通
20250801,002534.SZ,西子洁能
20250801,002675.SZ,东诚药业
20250801,600073.SH,光明肉业
20250801,600330.SH,天通股份
20250801,600587.SH,新华医疗
20250801,603328.SH,依顿电子
20250801,603456.SH,九洲药业
20250801,688586.SH,江航装备
20250808,000657.SZ,中钨高新
20250808,000758.SZ,中色股份
20250808,000762.SZ,西藏矿业
20250808,002192.SZ,融捷股份
20250808,002378.SZ,章源钨业
20250808,002497.SZ,雅化集团
20250808,600301.SH,华锡有色
20250808,600456.SH,宝钛股份
20250808,600961.SH,株冶集团
20250808,688567.SH,孚能科技
20250815,000928.SZ,中钢国际
20250815,002051.SZ,中工国际
20250815,002332.SZ,仙琚制药
20250815,002489.SZ,浙江永强
20250815,002675.SZ,东诚药业
20250815,300576.SZ,容大感光
20250815,301031.SZ,中熔电气
20250815,601375.SH,中原证券
20250815,688106.SH,金宏气体
20250815,688352.SH,颀中科技
20250822,000727.SZ,冠捷科技
20250822,002079.SZ,苏州固锝
20250822,002151.SZ,北斗星通
20250822,002635.SZ,安洁科技
20250822,002745.SZ,木林森
20250822,300151.SZ,昌红科技
20250822,300303.SZ,聚飞光电
20250822,301589.SZ,诺瓦星云
20250822,600621.SH,华鑫股份
20250822,603227.SH,雪峰科技
20250829,000970.SZ,中科三环
20250829,300319.SZ,麦捷科技
20250829,300596.SZ,利安隆
20250829,300777.SZ,中简科技
20250829,600531.SH,豫光金铅
20250829,600559.SH,老白干酒
20250829,600877.SH,电科芯片
20250829,600961.SH,株冶集团
20250829,688146.SH,中船特气
20250829,688523.SH,航天环宇
20250905,002019.SZ,亿帆医药
20250905,300443.SZ,金雷股份
20250905,300861.SZ,美畅股份
20250905,301029.SZ,怡合达
20250905,600210.SH,紫江企业
20250905,600211.SH,西藏药业
20250905,600338.SH,西藏珠峰
20250905,603456.SH,九洲药业
20250905,688516.SH,奥特维
20250905,688779.SH,五矿新能
20250912,002396.SZ,星网锐捷
20250912,002544.SZ,普天科技
20250912,002913.SZ,奥士康
20250912,300236.SZ,上海新阳
20250912,301029.SZ,怡合达
20250912,600416.SH,湘电股份
20250912,600850.SH,电科数字
20250912,603328.SH,依顿电子
20250912,688019.SH,安集科技
20250912,688523.SH,航天环宇
20250919,000581.SZ,威孚高科
20250919,002023.SZ,海特高新
20250919,300319.SZ,麦捷科技
20250919,300415.SZ,伊之密
20250919,300416.SZ,苏试试验
20250919,300576.SZ,容大感光
20250919,600330.SH,天通股份
20250919,600552.SH,凯盛科技
20250919,605020.SH,永和股份
20250919,688548.SH,广钢气体
20250926,000969.SZ,安泰科技
20250926,002079.SZ,苏州固锝
20250926,300088.SZ,长信科技
20250926,300327.SZ,中颖电子
20250926,300576.SZ,容大感光
20250926,300777.SZ,中简科技
20250926,600458.SH,时代新材
20250926,605111.SH,新洁能
20250926,688146.SH,中船特气
20250926,688548.SH,广钢气体
20251010,000049.SZ,德赛电池
20251010,000612.SZ,焦作万方
20251010,000758.SZ,中色股份
20251010,000875.SZ,吉电股份
20251010,002125.SZ,湘潭电化
20251010,002171.SZ,楚江新材
20251010,300151.SZ,昌红科技
20251010,300393.SZ,中来股份
20251010,600338.SH,西藏珠峰
20251010,688548.SH,广钢气体
20251017,000035.SZ,中国天楹
20251017,000612.SZ,焦作万方
20251017,002176.SZ,江特电机
20251017,002192.SZ,融捷股份
20251017,002405.SZ,四维图新
20251017,002497.SZ,雅化集团
20251017,002626.SZ,金达威
20251017,002928.SZ,华夏航空
20251017,300855.SZ,图南股份
20251017,605111.SH,新洁能
20251024,000049.SZ,德赛电池
20251024,000923.SZ,河钢资源
20251024,002023.SZ,海特高新
20251024,002897.SZ,意华股份
20251024,002925.SZ,盈趣科技
20251024,300036.SZ,超图软件
20251024,600330.SH,天通股份
20251024,600478.SH,科力远
20251024,603328.SH,依顿电子
20251024,688352.SH,颀中科技
20251031,000422.SZ,湖北宜化
20251031,000923.SZ,河钢资源
20251031,002073.SZ,软控股份
20251031,002125.SZ,湘潭电化
20251031,002145.SZ,钛能化学
20251031,002182.SZ,宝武镁业
20251031,002906.SZ,华阳集团
20251031,300151.SZ,昌红科技
20251031,300861.SZ,美畅股份
20251031,603456.SH,九洲药业
20251107,000875.SZ,吉电股份
20251107,002023.SZ,海特高新
20251107,002079.SZ,苏州固锝
20251107,002182.SZ,宝武镁业
20251107,300855.SZ,图南股份
20251107,600888.SH,新疆众和
20251107,601137.SH,博威合金
20251107,605111.SH,新洁能
20251107,605123.SH,派克新材
20251107,688567.SH,孚能科技
20251114,000686.SZ,东北证券
20251114,002100.SZ,天康生物
20251114,002192.SZ,融捷股份
20251114,002258.SZ,利尔化学
20251114,002928.SZ,华夏航空
20251114,300327.SZ,中颖电子
20251114,301611.SZ,珂玛科技
20251114,600338.SH,西藏珠峰
20251114,605020.SH,永和股份
20251114,688523.SH,航天环宇
20251121,000762.SZ,西藏矿业
20251121,002192.SZ,融捷股份
20251121,002258.SZ,利尔化学
20251121,002396.SZ,星网锐捷
20251121,300775.SZ,三角防务
20251121,600201.SH,生物股份
20251121,600331.SH,宏达股份
20251121,600456.SH,宝钛股份
20251121,600773.SH,西藏城投
20251121,688596.SH,正帆科技
20251128,000049.SZ,德赛电池
20251128,000821.SZ,京山轻机
20251128,300596.SZ,利安隆
20251128,600409.SH,三友化工
20251128,600459.SH,贵研铂业
20251128,600667.SH,太极实业
20251128,603876.SH,鼎胜新材
20251128,688352.SH,颀中科技
20251128,688549.SH,中巨芯-U
20251128,688779.SH,五矿新能
20251205,000758.SZ,中色股份
20251205,002895.SZ,川恒股份
20251205,300428.SZ,立中集团
20251205,301522.SZ,上大股份
20251205,600100.SH,同方股份
20251205,600331.SH,宏达股份
20251205,600596.SH,新安股份
20251205,601677.SH,明泰铝业
20251205,605123.SH,派克新材
20251205,688439.SH,振华风光
20251212,000686.SZ,东北证券
20251212,002171.SZ,楚江新材
20251212,002643.SZ,万润股份
20251212,002897.SZ,意华股份
20251212,300360.SZ,炬华科技
20251212,300428.SZ,立中集团
20251212,600456.SH,宝钛股份
20251212,600641.SH,先导基电
20251212,600877.SH,电科芯片
20251212,688351.SH,微电生理
20251219,000612.SZ,焦作万方
20251219,000680.SZ,山推股份
20251219,000762.SZ,西藏矿业
20251219,000829.SZ,天音控股
20251219,002192.SZ,融捷股份
20251219,600252.SH,中恒集团
20251219,600459.SH,贵研铂业
20251219,600773.SH,西藏城投
20251219,601677.SH,明泰铝业
20251226,000636.SZ,风华高科
20251226,000970.SZ,中科三环
20251226,002396.SZ,星网锐捷
20251226,002897.SZ,意华股份
20251226,300618.SZ,寒锐钴业
20251226,600478.SH,科力远
20251226,600667.SH,太极实业
20251226,601137.SH,博威合金
20251226,688484.SH,南芯科技
20251226,688549.SH,中巨芯-U
